OBJECTID_12,Join_Count,TARGET_FID,CT20,LABEL,NAME,SUP_NAME,DIST_SUP,CITYNAME_ALF,NAME_1,JURISDICTION,AREA_NUM,AREA_NAME,Shape__Area,Shape__Length
1059,2,1059,293301,2933.01,4TH SUP. DISTRICT,4TH DISTRICT: JANICE HAHN,4,LOS ANGELES,,INCORPORATED CITY,11,South Bay Planning Area,1227123.852,5251.889555
1060,2,1060,293302,2933.02,4TH SUP. DISTRICT,4TH DISTRICT: JANICE HAHN,4,LOS ANGELES,,INCORPORATED CITY,11,South Bay Planning Area,1625200.359,5639.699666
1061,1,1061,293304,2933.04,4TH SUP. DISTRICT,4TH DISTRICT: JANICE HAHN,4,LOS ANGELES,,INCORPORATED CITY,11,South Bay Planning Area,826696.5273,3646.516114
1062,1,1062,293306,2933.06,4TH SUP. DISTRICT,4TH DISTRICT: JANICE HAHN,4,LOS ANGELES,,INCORPORATED CITY,11,South Bay Planning Area,893176.3398,4231.116277
1063,1,1063,293307,2933.07,4TH SUP. DISTRICT,4TH DISTRICT: JANICE HAHN,4,LOS ANGELES,,INCORPORATED CITY,11,South Bay Planning Area,491886.3945,3362.762637
1064,2,1064,294110,2941.1,4TH SUP. DISTRICT,4TH DISTRICT: JANICE HAHN,4,LOS ANGELES,,INCORPORATED CITY,11,South Bay Planning Area,1436114.934,6124.606613
1065,2,1065,294120,2941.2,4TH SUP. DISTRICT,4TH DISTRICT: JANICE HAHN,4,LOS ANGELES,,INCORPORATED CITY,11,South Bay Planning Area,2266146.313,6280.578853
1066,2,1066,294200,2942,4TH SUP. DISTRICT,4TH DISTRICT: JANICE HAHN,4,LOS ANGELES,,INCORPORATED CITY,11,South Bay Planning Area,1384592.891,4735.24008
1067,2,1067,294301,2943.01,4TH SUP. DISTRICT,4TH DISTRICT: JANICE HAHN,4,LOS ANGELES,,INCORPORATED CITY,11,South Bay Planning Area,1035122.004,4286.744024
1068,1,1068,294302,2943.02,4TH SUP. DISTRICT,4TH DISTRICT: JANICE HAHN,4,LOS ANGELES,,INCORPORATED CITY,11,South Bay Planning Area,1219598.516,5376.525445
1069,2,1069,294410,2944.1,4TH SUP. DISTRICT,4TH DISTRICT: JANICE HAHN,4,LOS ANGELES,,INCORPORATED CITY,11,South Bay Planning Area,1210393.387,4623.428015
1070,2,1070,294421,2944.21,4TH SUP. DISTRICT,4TH DISTRICT: JANICE HAHN,4,LOS ANGELES,,INCORPORATED CITY,11,South Bay Planning Area,977270.6797,6032.292429
1071,1,1071,294510,2945.1,4TH SUP. DISTRICT,4TH DISTRICT: JANICE HAHN,4,LOS ANGELES,,INCORPORATED CITY,11,South Bay Planning Area,752172.207,3615.627011
1072,1,1072,294520,2945.2,4TH SUP. DISTRICT,4TH DISTRICT: JANICE HAHN,4,LOS ANGELES,,INCORPORATED CITY,11,South Bay Planning Area,702609.1523,3500.589069
1073,1,1073,294610,2946.1,4TH SUP. DISTRICT,4TH DISTRICT: JANICE HAHN,4,LOS ANGELES,,INCORPORATED CITY,11,South Bay Planning Area,1195716.906,4389.41189
1074,1,1074,294620,2946.2,4TH SUP. DISTRICT,4TH DISTRICT: JANICE HAHN,4,LOS ANGELES,,INCORPORATED CITY,11,South Bay Planning Area,1221541.832,4656.651401
1075,1,1075,294701,2947.01,4TH SUP. DISTRICT,4TH DISTRICT: JANICE HAHN,4,LOS ANGELES,,INCORPORATED CITY,11,South Bay Planning Area,2545212.984,7285.654323
1076,1,1076,294810,2948.1,4TH SUP. DISTRICT,4TH DISTRICT: JANICE HAHN,4,LOS ANGELES,,INCORPORATED CITY,11,South Bay Planning Area,465056.8164,2779.331654
1077,1,1077,294820,2948.2,4TH SUP. DISTRICT,4TH DISTRICT: JANICE HAHN,4,LOS ANGELES,,INCORPORATED CITY,11,South Bay Planning Area,556517.7227,3012.53086
1078,1,1078,294830,2948.3,4TH SUP. DISTRICT,4TH DISTRICT: JANICE HAHN,4,LOS ANGELES,,INCORPORATED CITY,11,South Bay Planning Area,1285385.297,5025.824524
1079,1,1079,294900,2949,4TH SUP. DISTRICT,4TH DISTRICT: JANICE HAHN,4,LOS ANGELES,,INCORPORATED CITY,11,South Bay Planning Area,935257.2617,5004.032885
1080,1,1080,295103,2951.03,4TH SUP. DISTRICT,4TH DISTRICT: JANICE HAHN,4,LOS ANGELES,,INCORPORATED CITY,11,South Bay Planning Area,2985380.586,9373.05829
1081,1,1081,296210,2962.1,4TH SUP. DISTRICT,4TH DISTRICT: JANICE HAHN,4,LOS ANGELES,,INCORPORATED CITY,11,South Bay Planning Area,811365.418,3525.049001
1082,1,1082,296220,2962.2,4TH SUP. DISTRICT,4TH DISTRICT: JANICE HAHN,4,LOS ANGELES,,INCORPORATED CITY,11,South Bay Planning Area,777677.8594,3522.067194
1083,1,1083,296300,2963,4TH SUP. DISTRICT,4TH DISTRICT: JANICE HAHN,4,LOS ANGELES,,INCORPORATED CITY,11,South Bay Planning Area,1541218.879,6250.495089
1084,1,1084,296401,2964.01,4TH SUP. DISTRICT,4TH DISTRICT: JANICE HAHN,4,LOS ANGELES,,INCORPORATED CITY,11,South Bay Planning Area,1432524.992,5223.272174
1085,1,1085,296402,2964.02,4TH SUP. DISTRICT,4TH DISTRICT: JANICE HAHN,4,LOS ANGELES,,INCORPORATED CITY,11,South Bay Planning Area,1516735.445,6258.49971
1086,1,1086,296500,2965,4TH SUP. DISTRICT,4TH DISTRICT: JANICE HAHN,4,LOS ANGELES,,INCORPORATED CITY,11,South Bay Planning Area,1317703.09,5094.485079
1087,1,1087,296600,2966,4TH SUP. DISTRICT,4TH DISTRICT: JANICE HAHN,4,LOS ANGELES,,INCORPORATED CITY,11,South Bay Planning Area,1220702.398,4504.14747
1088,1,1088,296901,2969.01,4TH SUP. DISTRICT,4TH DISTRICT: JANICE HAHN,4,LOS ANGELES,,INCORPORATED CITY,11,South Bay Planning Area,894839.0742,4162.417084
1089,1,1089,296902,2969.02,4TH SUP. DISTRICT,4TH DISTRICT: JANICE HAHN,4,LOS ANGELES,,INCORPORATED CITY,11,South Bay Planning Area,714853.668,4400.584461
1090,1,1090,297001,2970.01,4TH SUP. DISTRICT,4TH DISTRICT: JANICE HAHN,4,LOS ANGELES,,INCORPORATED CITY,11,South Bay Planning Area,992070.2305,5462.455762
1091,1,1091,297002,2970.02,4TH SUP. DISTRICT,4TH DISTRICT: JANICE HAHN,4,LOS ANGELES,,INCORPORATED CITY,11,South Bay Planning Area,1111377.949,4578.191961
1092,1,1092,297110,2971.1,4TH SUP. DISTRICT,4TH DISTRICT: JANICE HAHN,4,LOS ANGELES,,INCORPORATED CITY,11,South Bay Planning Area,706695.8438,3362.750381
1093,1,1093,297120,2971.2,4TH SUP. DISTRICT,4TH DISTRICT: JANICE HAHN,4,LOS ANGELES,,INCORPORATED CITY,11,South Bay Planning Area,617479.6406,3706.332237
1094,1,1094,297201,2972.01,4TH SUP. DISTRICT,4TH DISTRICT: JANICE HAHN,4,LOS ANGELES,,INCORPORATED CITY,11,South Bay Planning Area,585484.3984,3038.635174
1095,1,1095,297202,2972.02,4TH SUP. DISTRICT,4TH DISTRICT: JANICE HAHN,4,LOS ANGELES,,INCORPORATED CITY,11,South Bay Planning Area,834517.4727,3663.850411
1096,1,1096,297300,2973,4TH SUP. DISTRICT,4TH DISTRICT: JANICE HAHN,4,LOS ANGELES,,INCORPORATED CITY,11,South Bay Planning Area,3473324.977,9664.390741
1097,1,1097,297400,2974,4TH SUP. DISTRICT,4TH DISTRICT: JANICE HAHN,4,LOS ANGELES,,INCORPORATED CITY,11,South Bay Planning Area,4417858.418,9554.535494
1098,1,1098,297501,2975.01,4TH SUP. DISTRICT,4TH DISTRICT: JANICE HAHN,4,LOS ANGELES,,INCORPORATED CITY,11,South Bay Planning Area,4768525.648,10318.5271
1099,1,1099,297502,2975.02,4TH SUP. DISTRICT,4TH DISTRICT: JANICE HAHN,4,LOS ANGELES,,INCORPORATED CITY,11,South Bay Planning Area,1393722.371,6451.274766
1100,1,1100,297601,2976.01,4TH SUP. DISTRICT,4TH DISTRICT: JANICE HAHN,4,LOS ANGELES,,INCORPORATED CITY,11,South Bay Planning Area,3697678.66,12258.53244
1101,1,1101,297602,2976.02,4TH SUP. DISTRICT,4TH DISTRICT: JANICE HAHN,4,LOS ANGELES,,INCORPORATED CITY,11,South Bay Planning Area,901419.7891,4520.897188
1572,2,1572,500100,5001,4TH SUP. DISTRICT,4TH DISTRICT: JANICE HAHN,4,LA HABRA HEIGHTS,,INCORPORATED CITY,6,Gateway Planning Area,14649753.13,18943.55813
1573,2,1573,500202,5002.02,4TH SUP. DISTRICT,4TH DISTRICT: JANICE HAHN,4,WHITTIER,,INCORPORATED CITY,6,Gateway Planning Area,9264297.848,15212.32951
1574,1,1574,500203,5002.03,4TH SUP. DISTRICT,4TH DISTRICT: JANICE HAHN,4,WHITTIER,,INCORPORATED CITY,10,Gateway Planning Area,2724385.398,8565.591469
1575,1,1575,500204,5002.04,4TH SUP. DISTRICT,4TH DISTRICT: JANICE HAHN,4,LA HABRA HEIGHTS,,INCORPORATED CITY,10,Gateway Planning Area,7749342.531,14898.67857
1576,2,1576,500300,5003,4TH SUP. DISTRICT,4TH DISTRICT: JANICE HAHN,4,,NORTH WHITTIER,UNINCORPORATED AREA,6,Gateway Planning Area,13070381.88,16705.8271
1577,1,1577,500402,5004.02,4TH SUP. DISTRICT,4TH DISTRICT: JANICE HAHN,4,PICO RIVERA,,INCORPORATED CITY,10,Gateway Planning Area,1948696.965,5658.88966
1578,2,1578,500403,5004.03,4TH SUP. DISTRICT,4TH DISTRICT: JANICE HAHN,4,PICO RIVERA,,INCORPORATED CITY,7,Gateway Planning Area,3210908.5,11462.38258
1579,2,1579,500404,5004.04,4TH SUP. DISTRICT,4TH DISTRICT: JANICE HAHN,4,PICO RIVERA,,INCORPORATED CITY,7,Gateway Planning Area,1710112.027,5554.567042
1580,2,1580,500500,5005,4TH SUP. DISTRICT,4TH DISTRICT: JANICE HAHN,4,PICO RIVERA,,INCORPORATED CITY,7,Gateway Planning Area,975233.6094,4350.460929
1581,2,1581,500600,5006,4TH SUP. DISTRICT,4TH DISTRICT: JANICE HAHN,4,PICO RIVERA,,INCORPORATED CITY,7,Gateway Planning Area,1726069.5,5435.795612
1582,2,1582,500700,5007,4TH SUP. DISTRICT,4TH DISTRICT: JANICE HAHN,4,PICO RIVERA,,INCORPORATED CITY,7,Gateway Planning Area,4737558.926,9517.579492
1583,1,1583,500800,5008,4TH SUP. DISTRICT,4TH DISTRICT: JANICE HAHN,4,PICO RIVERA,,INCORPORATED CITY,10,Gateway Planning Area,2842732.379,7010.072251
1584,1,1584,500900,5009,4TH SUP. DISTRICT,4TH DISTRICT: JANICE HAHN,4,PICO RIVERA,,INCORPORATED CITY,10,Gateway Planning Area,2316483.918,6308.882951
1585,1,1585,501001,5010.01,4TH SUP. DISTRICT,4TH DISTRICT: JANICE HAHN,4,,WEST WHITTIER - LOS NIETOS,UNINCORPORATED AREA,10,Gateway Planning Area,1044794.094,4288.207478
1586,1,1586,501002,5010.02,4TH SUP. DISTRICT,4TH DISTRICT: JANICE HAHN,4,,WEST WHITTIER - LOS NIETOS,UNINCORPORATED AREA,10,Gateway Planning Area,2147740.637,6173.022371
1587,1,1587,501200,5012,4TH SUP. DISTRICT,4TH DISTRICT: JANICE HAHN,4,WHITTIER,,INCORPORATED/UNINCORPORATED,10,Gateway Planning Area,2050856.184,6470.83042
1588,1,1588,501301,5013.01,4TH SUP. DISTRICT,4TH DISTRICT: JANICE HAHN,4,WHITTIER,,INCORPORATED CITY,10,Gateway Planning Area,1260315.387,5809.637175
1589,1,1589,501302,5013.02,4TH SUP. DISTRICT,4TH DISTRICT: JANICE HAHN,4,WHITTIER,,INCORPORATED CITY,10,Gateway Planning Area,1667291.449,5677.781301
1590,1,1590,501400,5014,4TH SUP. DISTRICT,4TH DISTRICT: JANICE HAHN,4,WHITTIER,,INCORPORATED CITY,10,Gateway Planning Area,1547337.535,5578.438152
1591,2,1591,501501,5015.01,4TH SUP. DISTRICT,4TH DISTRICT: JANICE HAHN,4,,NORTH WHITTIER,UNINCORPORATED AREA,6,Gateway Planning Area,9257604.586,18220.5298
1592,1,1592,501503,5015.03,4TH SUP. DISTRICT,4TH DISTRICT: JANICE HAHN,4,WHITTIER,,INCORPORATED CITY,10,Gateway Planning Area,1173538.977,4616.343731
1593,1,1593,501504,5015.04,4TH SUP. DISTRICT,4TH DISTRICT: JANICE HAHN,4,WHITTIER,,INCORPORATED CITY,10,Gateway Planning Area,1086953.68,4588.232189
1594,2,1594,501600,5016,4TH SUP. DISTRICT,4TH DISTRICT: JANICE HAHN,4,WHITTIER,,INCORPORATED/UNINCORPORATED,6,Gateway Planning Area,15033553.73,18792.05747
1595,1,1595,501700,5017,4TH SUP. DISTRICT,4TH DISTRICT: JANICE HAHN,4,WHITTIER,,INCORPORATED CITY,10,Gateway Planning Area,2029027.09,6286.197253
1596,1,1596,501802,5018.02,4TH SUP. DISTRICT,4TH DISTRICT: JANICE HAHN,4,WHITTIER,,INCORPORATED CITY,10,Gateway Planning Area,1130208.207,5154.638707
1597,1,1597,501803,5018.03,4TH SUP. DISTRICT,4TH DISTRICT: JANICE HAHN,4,WHITTIER,,INCORPORATED CITY,10,Gateway Planning Area,863612.7109,4094.653595
1598,1,1598,501804,5018.04,4TH SUP. DISTRICT,4TH DISTRICT: JANICE HAHN,4,WHITTIER,,INCORPORATED CITY,10,Gateway Planning Area,775917.2188,4109.541796
1599,1,1599,501900,5019,4TH SUP. DISTRICT,4TH DISTRICT: JANICE HAHN,4,WHITTIER,,INCORPORATED CITY,10,Gateway Planning Area,2030529.656,6223.650442
1600,1,1600,502003,5020.03,4TH SUP. DISTRICT,4TH DISTRICT: JANICE HAHN,4,WHITTIER,,INCORPORATED CITY,10,Gateway Planning Area,937963.1836,3927.244089
1601,1,1601,502004,5020.04,4TH SUP. DISTRICT,4TH DISTRICT: JANICE HAHN,4,WHITTIER,,INCORPORATED CITY,10,Gateway Planning Area,1945409.426,6497.234828
1602,1,1602,502005,5020.05,4TH SUP. DISTRICT,4TH DISTRICT: JANICE HAHN,4,,SOUTH WHITTIER - SUNSHINE ACRES,UNINCORPORATED AREA,10,Gateway Planning Area,1518875.121,5937.908363
1603,1,1603,502100,5021,4TH SUP. DISTRICT,4TH DISTRICT: JANICE HAHN,4,WHITTIER,,INCORPORATED/UNINCORPORATED,10,Gateway Planning Area,2823562.945,7899.027862
1604,1,1604,502200,5022,4TH SUP. DISTRICT,4TH DISTRICT: JANICE HAHN,4,,WEST WHITTIER - LOS NIETOS,UNINCORPORATED AREA,10,Gateway Planning Area,2532467.348,6767.185225
1605,1,1605,502303,5023.03,4TH SUP. DISTRICT,4TH DISTRICT: JANICE HAHN,4,,WEST WHITTIER - LOS NIETOS,UNINCORPORATED AREA,10,Gateway Planning Area,3398754.867,8085.311794
1606,1,1606,502401,5024.01,4TH SUP. DISTRICT,4TH DISTRICT: JANICE HAHN,4,PICO RIVERA,,INCORPORATED CITY,10,Gateway Planning Area,1378359.883,4880.428808
1607,1,1607,502402,5024.02,4TH SUP. DISTRICT,4TH DISTRICT: JANICE HAHN,4,PICO RIVERA,,INCORPORATED CITY,10,Gateway Planning Area,1320860.992,4773.591159
1608,2,1608,502500,5025,4TH SUP. DISTRICT,4TH DISTRICT: JANICE HAHN,4,PICO RIVERA,,INCORPORATED CITY,7,Gateway Planning Area,5562157.043,10439.90829
1609,1,1609,502602,5026.02,4TH SUP. DISTRICT,4TH DISTRICT: JANICE HAHN,4,PICO RIVERA,,INCORPORATED CITY,10,Gateway Planning Area,1841457.145,6066.16513
1610,1,1610,502603,5026.03,4TH SUP. DISTRICT,4TH DISTRICT: JANICE HAHN,4,PICO RIVERA,,INCORPORATED CITY,10,Gateway Planning Area,1436445.008,5315.523123
1611,1,1611,502604,5026.04,4TH SUP. DISTRICT,4TH DISTRICT: JANICE HAHN,4,PICO RIVERA,,INCORPORATED CITY,10,Gateway Planning Area,1430941.438,6350.556284
1612,1,1612,502700,5027,4TH SUP. DISTRICT,4TH DISTRICT: JANICE HAHN,4,SANTA FE SPRINGS,,INCORPORATED CITY,10,Gateway Planning Area,10120679.53,16330.79415
1613,1,1613,502801,5028.01,4TH SUP. DISTRICT,4TH DISTRICT: JANICE HAHN,4,SANTA FE SPRINGS,,INCORPORATED CITY,10,Gateway Planning Area,3245012.258,7308.882621
1614,1,1614,502901,5029.01,4TH SUP. DISTRICT,4TH DISTRICT: JANICE HAHN,4,,SOUTH WHITTIER - SUNSHINE ACRES,UNINCORPORATED AREA,10,Gateway Planning Area,1816967.691,5536.926959
1615,1,1615,503000,5030,4TH SUP. DISTRICT,4TH DISTRICT: JANICE HAHN,4,,SOUTH WHITTIER - SUNSHINE ACRES,UNINCORPORATED AREA,10,Gateway Planning Area,1934681.383,5926.979232
1616,1,1616,503103,5031.03,4TH SUP. DISTRICT,4TH DISTRICT: JANICE HAHN,4,,SOUTH WHITTIER - SUNSHINE ACRES,UNINCORPORATED AREA,10,Gateway Planning Area,1586146.961,5701.925931
1617,1,1617,503104,5031.04,4TH SUP. DISTRICT,4TH DISTRICT: JANICE HAHN,4,,SOUTH WHITTIER - SUNSHINE ACRES,UNINCORPORATED AREA,10,Gateway Planning Area,796044.5625,4022.501852
1618,1,1618,503105,5031.05,4TH SUP. DISTRICT,4TH DISTRICT: JANICE HAHN,4,,SOUTH WHITTIER - SUNSHINE ACRES,UNINCORPORATED AREA,10,Gateway Planning Area,1617077.539,6182.244831
1619,1,1619,503106,5031.06,4TH SUP. DISTRICT,4TH DISTRICT: JANICE HAHN,4,,SOUTH WHITTIER - SUNSHINE ACRES,UNINCORPORATED AREA,10,Gateway Planning Area,1346583.668,5341.525021
1620,1,1620,503201,5032.01,4TH SUP. DISTRICT,4TH DISTRICT: JANICE HAHN,4,,SOUTH WHITTIER - SUNSHINE ACRES,UNINCORPORATED AREA,10,Gateway Planning Area,1958574.445,5568.861939
1621,1,1621,503202,5032.02,4TH SUP. DISTRICT,4TH DISTRICT: JANICE HAHN,4,,SOUTH WHITTIER - SUNSHINE ACRES,UNINCORPORATED AREA,10,Gateway Planning Area,1661815.141,5864.956269
1622,1,1622,503301,5033.01,4TH SUP. DISTRICT,4TH DISTRICT: JANICE HAHN,4,WHITTIER,,INCORPORATED CITY,10,Gateway Planning Area,1590027.004,5299.011023
1623,1,1623,503302,5033.02,4TH SUP. DISTRICT,4TH DISTRICT: JANICE HAHN,4,,SOUTH WHITTIER - SUNSHINE ACRES,UNINCORPORATED AREA,10,Gateway Planning Area,2251802.484,6541.900117
1624,1,1624,503401,5034.01,4TH SUP. DISTRICT,4TH DISTRICT: JANICE HAHN,4,WHITTIER,,INCORPORATED CITY,10,Gateway Planning Area,2843459.121,6937.881813
1625,1,1625,503402,5034.02,4TH SUP. DISTRICT,4TH DISTRICT: JANICE HAHN,4,WHITTIER,,INCORPORATED CITY,10,Gateway Planning Area,2355994.09,6553.526113
1626,1,1626,503501,5035.01,4TH SUP. DISTRICT,4TH DISTRICT: JANICE HAHN,4,,SOUTH WHITTIER - SUNSHINE ACRES,UNINCORPORATED AREA,10,Gateway Planning Area,2244254.488,8188.812036
1627,1,1627,503502,5035.02,4TH SUP. DISTRICT,4TH DISTRICT: JANICE HAHN,4,,SOUTH WHITTIER - SUNSHINE ACRES,UNINCORPORATED AREA,10,Gateway Planning Area,1781531.055,6483.674942
1628,1,1628,503601,5036.01,4TH SUP. DISTRICT,4TH DISTRICT: JANICE HAHN,4,LA MIRADA,,INCORPORATED CITY,10,Gateway Planning Area,2025797.723,6179.890753
1629,1,1629,503602,5036.02,4TH SUP. DISTRICT,4TH DISTRICT: JANICE HAHN,4,LA MIRADA,,INCORPORATED CITY,10,Gateway Planning Area,4806753.07,9441.234353
1630,1,1630,503701,5037.01,4TH SUP. DISTRICT,4TH DISTRICT: JANICE HAHN,4,,SOUTH WHITTIER - SUNSHINE ACRES,UNINCORPORATED AREA,10,Gateway Planning Area,1685969.219,5730.187789
1631,1,1631,503702,5037.02,4TH SUP. DISTRICT,4TH DISTRICT: JANICE HAHN,4,,SOUTH WHITTIER - SUNSHINE ACRES,UNINCORPORATED AREA,10,Gateway Planning Area,2424569.043,7029.837749
1632,1,1632,503704,5037.04,4TH SUP. DISTRICT,4TH DISTRICT: JANICE HAHN,4,LA MIRADA,,INCORPORATED CITY,10,Gateway Planning Area,2189115.461,6798.760067
1633,1,1633,503705,5037.05,4TH SUP. DISTRICT,4TH DISTRICT: JANICE HAHN,4,LA MIRADA,,INCORPORATED CITY,10,Gateway Planning Area,1712617.965,6614.854611
1634,1,1634,503801,5038.01,4TH SUP. DISTRICT,4TH DISTRICT: JANICE HAHN,4,LA MIRADA,,INCORPORATED CITY,10,Gateway Planning Area,1863158.43,6765.665639
1635,1,1635,503802,5038.02,4TH SUP. DISTRICT,4TH DISTRICT: JANICE HAHN,4,LA MIRADA,,INCORPORATED CITY,10,Gateway Planning Area,1928049.844,5749.599547
1636,1,1636,503901,5039.01,4TH SUP. DISTRICT,4TH DISTRICT: JANICE HAHN,4,LA MIRADA,,INCORPORATED CITY,10,Gateway Planning Area,1316525.66,5943.297522
1637,1,1637,503902,5039.02,4TH SUP. DISTRICT,4TH DISTRICT: JANICE HAHN,4,LA MIRADA,,INCORPORATED CITY,10,Gateway Planning Area,7664849.586,12896.22734
1638,1,1638,504001,5040.01,4TH SUP. DISTRICT,4TH DISTRICT: JANICE HAHN,4,LA MIRADA,,INCORPORATED CITY,10,Gateway Planning Area,2018681.285,6662.171396
1639,1,1639,504002,5040.02,4TH SUP. DISTRICT,4TH DISTRICT: JANICE HAHN,4,LA MIRADA,,INCORPORATED CITY,10,Gateway Planning Area,2246914.375,6574.747123
1640,1,1640,504101,5041.01,4TH SUP. DISTRICT,4TH DISTRICT: JANICE HAHN,4,LA MIRADA,,INCORPORATED CITY,10,Gateway Planning Area,1773750.586,5832.160101
1641,1,1641,504200,5042,4TH SUP. DISTRICT,4TH DISTRICT: JANICE HAHN,4,SANTA FE SPRINGS,,INCORPORATED/UNINCORPORATED,10,Gateway Planning Area,11243655.72,20362.17154
1683,2,1683,532302,5323.02,4TH SUP. DISTRICT,4TH DISTRICT: JANICE HAHN,4,COMMERCE,,INCORPORATED CITY,9,Gateway Planning Area,4805814.406,11661.29573
1684,2,1684,532303,5323.03,4TH SUP. DISTRICT,4TH DISTRICT: JANICE HAHN,4,COMMERCE,,INCORPORATED CITY,7,Gateway Planning Area,11039630.39,16930.7029
1685,2,1685,532304,5323.04,4TH SUP. DISTRICT,4TH DISTRICT: JANICE HAHN,4,COMMERCE,,INCORPORATED CITY,7,Gateway Planning Area,11810858.18,17722.85938
1686,1,1686,532500,5325,4TH SUP. DISTRICT,4TH DISTRICT: JANICE HAHN,4,HUNTINGTON PARK,,INCORPORATED CITY,10,Gateway Planning Area,1485221.898,7085.079262
1687,1,1687,532605,5326.05,4TH SUP. DISTRICT,4TH DISTRICT: JANICE HAHN,4,HUNTINGTON PARK,,INCORPORATED CITY,10,Gateway Planning Area,764801.5039,3818.673619
1688,1,1688,532606,5326.06,4TH SUP. DISTRICT,4TH DISTRICT: JANICE HAHN,4,HUNTINGTON PARK,,INCORPORATED CITY,10,Gateway Planning Area,406496.0234,2892.162364
1689,2,1689,532607,5326.07,4TH SUP. DISTRICT,4TH DISTRICT: JANICE HAHN,4,HUNTINGTON PARK,,INCORPORATED CITY,9,Gateway Planning Area,1609091.727,5252.938456
1695,1,1695,533103,5331.03,4TH SUP. DISTRICT,4TH DISTRICT: JANICE HAHN,4,HUNTINGTON PARK,,INCORPORATED CITY,9,Gateway Planning Area,792835.9531,4043.48419
1696,1,1696,533104,5331.04,4TH SUP. DISTRICT,4TH DISTRICT: JANICE HAHN,4,HUNTINGTON PARK,,INCORPORATED CITY,9,Gateway Planning Area,498581.6719,2831.530899
1697,1,1697,533105,5331.05,4TH SUP. DISTRICT,4TH DISTRICT: JANICE HAHN,4,HUNTINGTON PARK,,INCORPORATED CITY,10,Gateway Planning Area,278328.2383,2133.443133
1698,1,1698,533108,5331.08,4TH SUP. DISTRICT,4TH DISTRICT: JANICE HAHN,4,HUNTINGTON PARK,,INCORPORATED CITY,9,Gateway Planning Area,940921.543,4955.688848
1699,1,1699,533201,5332.01,4TH SUP. DISTRICT,4TH DISTRICT: JANICE HAHN,4,HUNTINGTON PARK,,INCORPORATED CITY,10,Gateway Planning Area,544994.0781,3452.342364
1700,1,1700,533204,5332.04,4TH SUP. DISTRICT,4TH DISTRICT: JANICE HAHN,4,HUNTINGTON PARK,,INCORPORATED CITY,10,Gateway Planning Area,1037607.926,4950.065059
1701,1,1701,533300,5333,4TH SUP. DISTRICT,4TH DISTRICT: JANICE HAHN,4,MAYWOOD,,INCORPORATED CITY,10,Gateway Planning Area,505516.1406,3151.032865
1702,1,1702,533401,5334.01,4TH SUP. DISTRICT,4TH DISTRICT: JANICE HAHN,4,MAYWOOD,,INCORPORATED CITY,10,Gateway Planning Area,692770.7305,4141.355978
1703,1,1703,533402,5334.02,4TH SUP. DISTRICT,4TH DISTRICT: JANICE HAHN,4,MAYWOOD,,INCORPORATED CITY,10,Gateway Planning Area,708186.3008,3606.998799
1704,1,1704,533403,5334.03,4TH SUP. DISTRICT,4TH DISTRICT: JANICE HAHN,4,MAYWOOD,,INCORPORATED CITY,10,Gateway Planning Area,685523.5508,4555.605186
1705,1,1705,533501,5335.01,4TH SUP. DISTRICT,4TH DISTRICT: JANICE HAHN,4,HUNTINGTON PARK,,INCORPORATED CITY,10,Gateway Planning Area,615693.0391,3278.688962
1706,1,1706,533504,5335.04,4TH SUP. DISTRICT,4TH DISTRICT: JANICE HAHN,4,HUNTINGTON PARK,,INCORPORATED CITY,10,Gateway Planning Area,594665.4297,3126.975693
1707,1,1707,533601,5336.01,4TH SUP. DISTRICT,4TH DISTRICT: JANICE HAHN,4,BELL,,INCORPORATED CITY,10,Gateway Planning Area,802935.3672,4533.843033
1708,1,1708,533602,5336.02,4TH SUP. DISTRICT,4TH DISTRICT: JANICE HAHN,4,BELL,,INCORPORATED CITY,10,Gateway Planning Area,1023139.992,5277.466195
1709,1,1709,533603,5336.03,4TH SUP. DISTRICT,4TH DISTRICT: JANICE HAHN,4,BELL,,INCORPORATED CITY,10,Gateway Planning Area,1179986.281,5995.556358
1710,1,1710,533701,5337.01,4TH SUP. DISTRICT,4TH DISTRICT: JANICE HAHN,4,MAYWOOD,,INCORPORATED CITY,10,Gateway Planning Area,583986.6602,3049.807706
1711,1,1711,533702,5337.02,4TH SUP. DISTRICT,4TH DISTRICT: JANICE HAHN,4,MAYWOOD,,INCORPORATED CITY,10,Gateway Planning Area,464476.9766,2768.877822
1712,1,1712,533703,5337.03,4TH SUP. DISTRICT,4TH DISTRICT: JANICE HAHN,4,MAYWOOD,,INCORPORATED CITY,10,Gateway Planning Area,821371.4609,4041.067252
1713,1,1713,533803,5338.03,4TH SUP. DISTRICT,4TH DISTRICT: JANICE HAHN,4,BELL,,INCORPORATED CITY,10,Gateway Planning Area,1148326.383,5692.80684
1714,1,1714,533804,5338.04,4TH SUP. DISTRICT,4TH DISTRICT: JANICE HAHN,4,BELL,,INCORPORATED CITY,10,Gateway Planning Area,750654.5156,4127.021303
1715,1,1715,533805,5338.05,4TH SUP. DISTRICT,4TH DISTRICT: JANICE HAHN,4,BELL,,INCORPORATED CITY,10,Gateway Planning Area,648980.9648,4081.483977
1716,1,1716,533806,5338.06,4TH SUP. DISTRICT,4TH DISTRICT: JANICE HAHN,4,BELL,,INCORPORATED CITY,10,Gateway Planning Area,1382148.723,7151.554775
1717,1,1717,533901,5339.01,4TH SUP. DISTRICT,4TH DISTRICT: JANICE HAHN,4,BELL GARDENS,,INCORPORATED CITY,10,Gateway Planning Area,1112076.051,5775.132829
1718,1,1718,533902,5339.02,4TH SUP. DISTRICT,4TH DISTRICT: JANICE HAHN,4,BELL GARDENS,,INCORPORATED CITY,10,Gateway Planning Area,1109400.914,5336.873446
1719,1,1719,534001,5340.01,4TH SUP. DISTRICT,4TH DISTRICT: JANICE HAHN,4,BELL GARDENS,,INCORPORATED CITY,10,Gateway Planning Area,1144064.773,4949.718841
1720,1,1720,534002,5340.02,4TH SUP. DISTRICT,4TH DISTRICT: JANICE HAHN,4,BELL GARDENS,,INCORPORATED CITY,10,Gateway Planning Area,1308187.574,6211.433516
1721,1,1721,534101,5341.01,4TH SUP. DISTRICT,4TH DISTRICT: JANICE HAHN,4,BELL GARDENS,,INCORPORATED CITY,10,Gateway Planning Area,747862.8828,5365.342975
1722,1,1722,534102,5341.02,4TH SUP. DISTRICT,4TH DISTRICT: JANICE HAHN,4,BELL GARDENS,,INCORPORATED CITY,10,Gateway Planning Area,1165989.758,5446.490937
1723,1,1723,534201,5342.01,4TH SUP. DISTRICT,4TH DISTRICT: JANICE HAHN,4,BELL GARDENS,,INCORPORATED CITY,10,Gateway Planning Area,747539.6719,3787.92705
1724,1,1724,534202,5342.02,4TH SUP. DISTRICT,4TH DISTRICT: JANICE HAHN,4,BELL GARDENS,,INCORPORATED CITY,10,Gateway Planning Area,849684.8633,4221.883468
1725,1,1725,534203,5342.03,4TH SUP. DISTRICT,4TH DISTRICT: JANICE HAHN,4,BELL GARDENS,,INCORPORATED CITY,10,Gateway Planning Area,1118499.191,5395.295066
1726,1,1726,534301,5343.01,4TH SUP. DISTRICT,4TH DISTRICT: JANICE HAHN,4,CUDAHY,,INCORPORATED CITY,10,Gateway Planning Area,1256754.234,5273.314307
1727,1,1727,534302,5343.02,4TH SUP. DISTRICT,4TH DISTRICT: JANICE HAHN,4,CUDAHY,,INCORPORATED CITY,10,Gateway Planning Area,899478.3906,4753.966804
1728,1,1728,534403,5344.03,4TH SUP. DISTRICT,4TH DISTRICT: JANICE HAHN,4,CUDAHY,,INCORPORATED CITY,10,Gateway Planning Area,471516.043,3129.049536
1729,1,1729,534404,5344.04,4TH SUP. DISTRICT,4TH DISTRICT: JANICE HAHN,4,CUDAHY,,INCORPORATED CITY,10,Gateway Planning Area,602045.4297,3565.182352
1730,1,1730,534405,5344.05,4TH SUP. DISTRICT,4TH DISTRICT: JANICE HAHN,4,CUDAHY,,INCORPORATED CITY,10,Gateway Planning Area,772772.4375,3892.157451
1731,1,1731,534406,5344.06,4TH SUP. DISTRICT,4TH DISTRICT: JANICE HAHN,4,CUDAHY,,INCORPORATED CITY,10,Gateway Planning Area,628466.2734,4009.492927
1732,1,1732,534501,5345.01,4TH SUP. DISTRICT,4TH DISTRICT: JANICE HAHN,4,HUNTINGTON PARK,,INCORPORATED CITY,9,Gateway Planning Area,975516,4068.197578
1733,1,1733,534502,5345.02,4TH SUP. DISTRICT,4TH DISTRICT: JANICE HAHN,4,HUNTINGTON PARK,,INCORPORATED CITY,10,Gateway Planning Area,825375.8828,5119.944646
1734,1,1734,534700,5347,4TH SUP. DISTRICT,4TH DISTRICT: JANICE HAHN,4,,WALNUT PARK,UNINCORPORATED AREA,9,Metro Planning Area,811457.8242,3648.368584
1735,1,1735,534802,5348.02,4TH SUP. DISTRICT,4TH DISTRICT: JANICE HAHN,4,,WALNUT PARK,UNINCORPORATED AREA,9,Metro Planning Area,588737.3828,3217.770669
1736,2,1736,534803,5348.03,4TH SUP. DISTRICT,4TH DISTRICT: JANICE HAHN,4,,WALNUT PARK,UNINCORPORATED AREA,9,Metro Planning Area,890177.7227,5212.083124
1737,2,1737,534804,5348.04,4TH SUP. DISTRICT,4TH DISTRICT: JANICE HAHN,4,,WALNUT PARK,UNINCORPORATED AREA,9,Metro Planning Area,538706.125,3429.873222
1746,1,1746,535501,5355.01,4TH SUP. DISTRICT,4TH DISTRICT: JANICE HAHN,4,SOUTH GATE,,INCORPORATED CITY,9,Gateway Planning Area,716624.1445,4443.61275
1747,1,1747,535502,5355.02,4TH SUP. DISTRICT,4TH DISTRICT: JANICE HAHN,4,SOUTH GATE,,INCORPORATED CITY,9,Gateway Planning Area,688641.9453,3337.768213
1748,1,1748,535503,5355.03,4TH SUP. DISTRICT,4TH DISTRICT: JANICE HAHN,4,SOUTH GATE,,INCORPORATED CITY,10,Gateway Planning Area,462460.1172,2821.483845
1749,2,1749,535603,5356.03,4TH SUP. DISTRICT,4TH DISTRICT: JANICE HAHN,4,SOUTH GATE,,INCORPORATED CITY,9,Gateway Planning Area,1145084.82,5623.613517
1750,2,1750,535604,5356.04,4TH SUP. DISTRICT,4TH DISTRICT: JANICE HAHN,4,SOUTH GATE,,INCORPORATED CITY,9,Gateway Planning Area,644321.8633,3582.326479
1751,1,1751,535605,5356.05,4TH SUP. DISTRICT,4TH DISTRICT: JANICE HAHN,4,SOUTH GATE,,INCORPORATED CITY,10,Gateway Planning Area,684664.8281,3320.723361
1752,2,1752,535606,5356.06,4TH SUP. DISTRICT,4TH DISTRICT: JANICE HAHN,4,SOUTH GATE,,INCORPORATED CITY,9,Gateway Planning Area,270672.5273,2760.012642
1753,2,1753,535607,5356.07,4TH SUP. DISTRICT,4TH DISTRICT: JANICE HAHN,4,SOUTH GATE,,INCORPORATED CITY,9,Gateway Planning Area,1371193.059,5345.041259
1754,1,1754,535701,5357.01,4TH SUP. DISTRICT,4TH DISTRICT: JANICE HAHN,4,SOUTH GATE,,INCORPORATED CITY,10,Gateway Planning Area,1124384.531,4595.839647
1755,1,1755,535702,5357.02,4TH SUP. DISTRICT,4TH DISTRICT: JANICE HAHN,4,SOUTH GATE,,INCORPORATED CITY,10,Gateway Planning Area,1420231.344,4975.700749
1756,1,1756,535802,5358.02,4TH SUP. DISTRICT,4TH DISTRICT: JANICE HAHN,4,SOUTH GATE,,INCORPORATED CITY,10,Gateway Planning Area,1158525.395,4578.911194
1757,1,1757,535803,5358.03,4TH SUP. DISTRICT,4TH DISTRICT: JANICE HAHN,4,SOUTH GATE,,INCORPORATED CITY,10,Gateway Planning Area,616031.4375,3169.777723
1758,1,1758,535804,5358.04,4TH SUP. DISTRICT,4TH DISTRICT: JANICE HAHN,4,SOUTH GATE,,INCORPORATED CITY,10,Gateway Planning Area,715074.4297,3555.262103
1759,1,1759,535901,5359.01,4TH SUP. DISTRICT,4TH DISTRICT: JANICE HAHN,4,SOUTH GATE,,INCORPORATED CITY,10,Gateway Planning Area,1224314.777,4855.518157
1760,1,1760,535902,5359.02,4TH SUP. DISTRICT,4TH DISTRICT: JANICE HAHN,4,SOUTH GATE,,INCORPORATED CITY,10,Gateway Planning Area,1475562.316,4979.192535
1761,1,1761,536000,5360,4TH SUP. DISTRICT,4TH DISTRICT: JANICE HAHN,4,SOUTH GATE,,INCORPORATED CITY,10,Gateway Planning Area,1904577.156,5947.592661
1762,1,1762,536102,5361.02,4TH SUP. DISTRICT,4TH DISTRICT: JANICE HAHN,4,SOUTH GATE,,INCORPORATED CITY,10,Gateway Planning Area,4478077.27,10203.4604
1763,1,1763,536103,5361.03,4TH SUP. DISTRICT,4TH DISTRICT: JANICE HAHN,4,SOUTH GATE,,INCORPORATED CITY,10,Gateway Planning Area,1719363.691,6005.318224
1764,1,1764,536104,5361.04,4TH SUP. DISTRICT,4TH DISTRICT: JANICE HAHN,4,SOUTH GATE,,INCORPORATED CITY,10,Gateway Planning Area,2861637.387,9664.459615
1765,1,1765,536201,5362.01,4TH SUP. DISTRICT,4TH DISTRICT: JANICE HAHN,4,SOUTH GATE,,INCORPORATED CITY,10,Gateway Planning Area,2212423.102,7992.062561
1766,1,1766,536202,5362.02,4TH SUP. DISTRICT,4TH DISTRICT: JANICE HAHN,4,SOUTH GATE,,INCORPORATED CITY,10,Gateway Planning Area,1344120.586,7339.072259
1767,1,1767,540000,5400,4TH SUP. DISTRICT,4TH DISTRICT: JANICE HAHN,4,LYNWOOD,,INCORPORATED CITY,10,Gateway Planning Area,2131934.176,6423.625401
1768,1,1768,540101,5401.01,4TH SUP. DISTRICT,4TH DISTRICT: JANICE HAHN,4,LYNWOOD,,INCORPORATED CITY,10,Gateway Planning Area,1824056.125,6386.974324
1769,1,1769,540102,5401.02,4TH SUP. DISTRICT,4TH DISTRICT: JANICE HAHN,4,LYNWOOD,,INCORPORATED CITY,10,Gateway Planning Area,1820898.098,5708.657356
1770,1,1770,540201,5402.01,4TH SUP. DISTRICT,4TH DISTRICT: JANICE HAHN,4,LYNWOOD,,INCORPORATED CITY,10,Gateway Planning Area,379855.418,3832.696107
1771,1,1771,540202,5402.02,4TH SUP. DISTRICT,4TH DISTRICT: JANICE HAHN,4,LYNWOOD,,INCORPORATED CITY,10,Gateway Planning Area,1102496.184,4612.309169
1772,1,1772,540203,5402.03,4TH SUP. DISTRICT,4TH DISTRICT: JANICE HAHN,4,LYNWOOD,,INCORPORATED CITY,10,Gateway Planning Area,1312334.055,4824.277272
1773,2,1773,540300,5403,4TH SUP. DISTRICT,4TH DISTRICT: JANICE HAHN,4,LYNWOOD,,INCORPORATED CITY,9,Gateway Planning Area,2231136.777,8068.373075
1775,2,1775,540501,5405.01,4TH SUP. DISTRICT,4TH DISTRICT: JANICE HAHN,4,LYNWOOD,,INCORPORATED CITY,9,Gateway Planning Area,2115310.305,7006.015718
1776,2,1776,540502,5405.02,4TH SUP. DISTRICT,4TH DISTRICT: JANICE HAHN,4,LYNWOOD,,INCORPORATED CITY,9,Gateway Planning Area,875075.1211,4112.21283
1793,2,1793,541700,5417,4TH SUP. DISTRICT,4TH DISTRICT: JANICE HAHN,4,LYNWOOD,,INCORPORATED CITY,9,Gateway Planning Area,2041620.902,6484.027699
1794,2,1794,541801,5418.01,4TH SUP. DISTRICT,4TH DISTRICT: JANICE HAHN,4,LYNWOOD,,INCORPORATED CITY,9,Gateway Planning Area,1040701.832,4506.618278
1795,2,1795,541802,5418.02,4TH SUP. DISTRICT,4TH DISTRICT: JANICE HAHN,4,LYNWOOD,,INCORPORATED CITY,9,Gateway Planning Area,1615882.793,5294.601723
1839,2,1839,544002,5440.02,4TH SUP. DISTRICT,4TH DISTRICT: JANICE HAHN,4,LONG BEACH,,INCORPORATED CITY,10,South Bay Planning Area,2322153.277,7779.771578
1840,1,1840,550101,5501.01,4TH SUP. DISTRICT,4TH DISTRICT: JANICE HAHN,4,NORWALK,,INCORPORATED CITY,10,Gateway Planning Area,1045710.617,4155.366902
1841,1,1841,550201,5502.01,4TH SUP. DISTRICT,4TH DISTRICT: JANICE HAHN,4,NORWALK,,INCORPORATED CITY,10,Gateway Planning Area,770791.9141,4389.697628
1842,1,1842,550202,5502.02,4TH SUP. DISTRICT,4TH DISTRICT: JANICE HAHN,4,NORWALK,,INCORPORATED CITY,10,Gateway Planning Area,1834662.453,6138.128381
1843,1,1843,550301,5503.01,4TH SUP. DISTRICT,4TH DISTRICT: JANICE HAHN,4,NORWALK,,INCORPORATED CITY,10,Gateway Planning Area,2410102.77,6432.46988
1844,1,1844,550501,5505.01,4TH SUP. DISTRICT,4TH DISTRICT: JANICE HAHN,4,DOWNEY,,INCORPORATED CITY,10,Gateway Planning Area,1297873.719,6269.61658
1845,1,1845,550502,5505.02,4TH SUP. DISTRICT,4TH DISTRICT: JANICE HAHN,4,DOWNEY,,INCORPORATED CITY,10,Gateway Planning Area,2588552.27,7077.725427
1846,1,1846,550601,5506.01,4TH SUP. DISTRICT,4TH DISTRICT: JANICE HAHN,4,DOWNEY,,INCORPORATED CITY,10,Gateway Planning Area,1708134.563,5367.267194
1847,1,1847,550602,5506.02,4TH SUP. DISTRICT,4TH DISTRICT: JANICE HAHN,4,DOWNEY,,INCORPORATED CITY,10,Gateway Planning Area,2152129.152,6128.300792
1848,1,1848,550700,5507,4TH SUP. DISTRICT,4TH DISTRICT: JANICE HAHN,4,DOWNEY,,INCORPORATED CITY,10,Gateway Planning Area,3247630.813,8120.260127
1849,1,1849,550801,5508.01,4TH SUP. DISTRICT,4TH DISTRICT: JANICE HAHN,4,DOWNEY,,INCORPORATED CITY,10,Gateway Planning Area,2312323.57,6287.132355
1850,1,1850,550802,5508.02,4TH SUP. DISTRICT,4TH DISTRICT: JANICE HAHN,4,DOWNEY,,INCORPORATED CITY,10,Gateway Planning Area,1911485.961,6146.415012
1851,1,1851,550901,5509.01,4TH SUP. DISTRICT,4TH DISTRICT: JANICE HAHN,4,DOWNEY,,INCORPORATED CITY,10,Gateway Planning Area,1639786.035,5587.270264
1852,1,1852,550902,5509.02,4TH SUP. DISTRICT,4TH DISTRICT: JANICE HAHN,4,DOWNEY,,INCORPORATED CITY,10,Gateway Planning Area,1409653.547,5236.695987
1853,1,1853,551001,5510.01,4TH SUP. DISTRICT,4TH DISTRICT: JANICE HAHN,4,DOWNEY,,INCORPORATED CITY,10,Gateway Planning Area,2096934.672,7630.415493
1854,1,1854,551002,5510.02,4TH SUP. DISTRICT,4TH DISTRICT: JANICE HAHN,4,DOWNEY,,INCORPORATED CITY,10,Gateway Planning Area,1415847.113,5382.496702
1855,1,1855,551101,5511.01,4TH SUP. DISTRICT,4TH DISTRICT: JANICE HAHN,4,DOWNEY,,INCORPORATED CITY,10,Gateway Planning Area,2455373.297,8101.461832
1856,1,1856,551102,5511.02,4TH SUP. DISTRICT,4TH DISTRICT: JANICE HAHN,4,DOWNEY,,INCORPORATED CITY,10,Gateway Planning Area,2458589.16,7596.017133
1857,1,1857,551201,5512.01,4TH SUP. DISTRICT,4TH DISTRICT: JANICE HAHN,4,DOWNEY,,INCORPORATED CITY,10,Gateway Planning Area,1148524.445,4743.395439
1858,1,1858,551203,5512.03,4TH SUP. DISTRICT,4TH DISTRICT: JANICE HAHN,4,DOWNEY,,INCORPORATED CITY,10,Gateway Planning Area,1052342.438,4425.647333
1859,1,1859,551204,5512.04,4TH SUP. DISTRICT,4TH DISTRICT: JANICE HAHN,4,DOWNEY,,INCORPORATED CITY,10,Gateway Planning Area,987725.9805,4549.070675
1860,1,1860,551300,5513,4TH SUP. DISTRICT,4TH DISTRICT: JANICE HAHN,4,DOWNEY,,INCORPORATED CITY,10,Gateway Planning Area,2228626.543,6121.884876
1861,1,1861,551401,5514.01,4TH SUP. DISTRICT,4TH DISTRICT: JANICE HAHN,4,DOWNEY,,INCORPORATED CITY,10,Gateway Planning Area,1054972.375,4285.857686
1862,1,1862,551402,5514.02,4TH SUP. DISTRICT,4TH DISTRICT: JANICE HAHN,4,DOWNEY,,INCORPORATED CITY,10,Gateway Planning Area,1683734.785,5110.338866
1863,1,1863,551501,5515.01,4TH SUP. DISTRICT,4TH DISTRICT: JANICE HAHN,4,DOWNEY,,INCORPORATED CITY,10,Gateway Planning Area,2148268.23,6750.1557
1864,1,1864,551502,5515.02,4TH SUP. DISTRICT,4TH DISTRICT: JANICE HAHN,4,DOWNEY,,INCORPORATED CITY,10,Gateway Planning Area,1603325.273,6766.066216
1865,1,1865,551700,5517,4TH SUP. DISTRICT,4TH DISTRICT: JANICE HAHN,4,DOWNEY,,INCORPORATED CITY,10,Gateway Planning Area,1888403.023,5826.23333
1866,1,1866,551801,5518.01,4TH SUP. DISTRICT,4TH DISTRICT: JANICE HAHN,4,DOWNEY,,INCORPORATED CITY,10,Gateway Planning Area,1660732.914,5340.969575
1867,1,1867,551802,5518.02,4TH SUP. DISTRICT,4TH DISTRICT: JANICE HAHN,4,DOWNEY,,INCORPORATED CITY,10,Gateway Planning Area,1585189.582,5262.085432
1868,1,1868,551900,5519,4TH SUP. DISTRICT,4TH DISTRICT: JANICE HAHN,4,NORWALK,,INCORPORATED CITY,10,Gateway Planning Area,2284504.758,6382.247347
1869,1,1869,552001,5520.01,4TH SUP. DISTRICT,4TH DISTRICT: JANICE HAHN,4,NORWALK,,INCORPORATED CITY,10,Gateway Planning Area,1168591.496,4554.29775
1870,1,1870,552002,5520.02,4TH SUP. DISTRICT,4TH DISTRICT: JANICE HAHN,4,NORWALK,,INCORPORATED CITY,10,Gateway Planning Area,1028638.375,4255.676057
1871,1,1871,552100,5521,4TH SUP. DISTRICT,4TH DISTRICT: JANICE HAHN,4,NORWALK,,INCORPORATED CITY,10,Gateway Planning Area,2127650.328,6440.90926
1872,1,1872,552200,5522,4TH SUP. DISTRICT,4TH DISTRICT: JANICE HAHN,4,NORWALK,,INCORPORATED CITY,10,Gateway Planning Area,2459783.422,8204.436502
1873,1,1873,552301,5523.01,4TH SUP. DISTRICT,4TH DISTRICT: JANICE HAHN,4,NORWALK,,INCORPORATED CITY,10,Gateway Planning Area,1818408.176,6390.62991
1874,1,1874,552302,5523.02,4TH SUP. DISTRICT,4TH DISTRICT: JANICE HAHN,4,NORWALK,,INCORPORATED CITY,10,Gateway Planning Area,1399439.758,5539.280726
1875,1,1875,552400,5524,4TH SUP. DISTRICT,4TH DISTRICT: JANICE HAHN,4,NORWALK,,INCORPORATED CITY,10,Gateway Planning Area,1356665.25,5730.367403
1876,1,1876,552601,5526.01,4TH SUP. DISTRICT,4TH DISTRICT: JANICE HAHN,4,NORWALK,,INCORPORATED CITY,10,Gateway Planning Area,1035030.176,4083.899032
1877,1,1877,552602,5526.02,4TH SUP. DISTRICT,4TH DISTRICT: JANICE HAHN,4,NORWALK,,INCORPORATED CITY,10,Gateway Planning Area,1999968.352,6113.443186
1878,1,1878,552700,5527,4TH SUP. DISTRICT,4TH DISTRICT: JANICE HAHN,4,NORWALK,,INCORPORATED CITY,10,Gateway Planning Area,2001540.008,6061.683101
1879,1,1879,552800,5528,4TH SUP. DISTRICT,4TH DISTRICT: JANICE HAHN,4,NORWALK,,INCORPORATED CITY,10,Gateway Planning Area,1882664.426,5828.887888
1880,1,1880,552900,5529,4TH SUP. DISTRICT,4TH DISTRICT: JANICE HAHN,4,NORWALK,,INCORPORATED CITY,10,Gateway Planning Area,1905978.832,5880.890073
1881,1,1881,553000,5530,4TH SUP. DISTRICT,4TH DISTRICT: JANICE HAHN,4,NORWALK,,INCORPORATED CITY,10,Gateway Planning Area,1848604.965,6005.212264
1882,1,1882,553100,5531,4TH SUP. DISTRICT,4TH DISTRICT: JANICE HAHN,4,BELLFLOWER,,INCORPORATED CITY,10,Gateway Planning Area,2989930.59,8380.162609
1883,1,1883,553201,5532.01,4TH SUP. DISTRICT,4TH DISTRICT: JANICE HAHN,4,BELLFLOWER,,INCORPORATED CITY,10,Gateway Planning Area,1509301.504,5753.386394
1884,1,1884,553202,5532.02,4TH SUP. DISTRICT,4TH DISTRICT: JANICE HAHN,4,BELLFLOWER,,INCORPORATED CITY,10,Gateway Planning Area,1287011.043,4725.599275
1885,1,1885,553300,5533,4TH SUP. DISTRICT,4TH DISTRICT: JANICE HAHN,4,BELLFLOWER,,INCORPORATED CITY,10,Gateway Planning Area,1223731.09,5233.29025
1886,1,1886,553400,5534,4TH SUP. DISTRICT,4TH DISTRICT: JANICE HAHN,4,DOWNEY,,INCORPORATED CITY,10,Gateway Planning Area,1067214.355,4325.424608
1887,1,1887,553502,5535.02,4TH SUP. DISTRICT,4TH DISTRICT: JANICE HAHN,4,PARAMOUNT,,INCORPORATED CITY,10,Gateway Planning Area,1841726.488,5676.898935
1888,1,1888,553503,5535.03,4TH SUP. DISTRICT,4TH DISTRICT: JANICE HAHN,4,PARAMOUNT,,INCORPORATED CITY,10,Gateway Planning Area,616125.1719,3514.910232
1889,1,1889,553504,5535.04,4TH SUP. DISTRICT,4TH DISTRICT: JANICE HAHN,4,PARAMOUNT,,INCORPORATED CITY,10,Gateway Planning Area,928740.1797,5069.755166
1890,1,1890,553601,5536.01,4TH SUP. DISTRICT,4TH DISTRICT: JANICE HAHN,4,PARAMOUNT,,INCORPORATED CITY,10,Gateway Planning Area,3165797.93,10361.28605
1891,1,1891,553602,5536.02,4TH SUP. DISTRICT,4TH DISTRICT: JANICE HAHN,4,PARAMOUNT,,INCORPORATED CITY,10,Gateway Planning Area,878418.875,4064.065737
1892,2,1892,553701,5537.01,4TH SUP. DISTRICT,4TH DISTRICT: JANICE HAHN,4,PARAMOUNT,,INCORPORATED CITY,9,Gateway Planning Area,1594985.012,6933.505747
1893,2,1893,553702,5537.02,4TH SUP. DISTRICT,4TH DISTRICT: JANICE HAHN,4,PARAMOUNT,,INCORPORATED CITY,9,Gateway Planning Area,1353124.254,7007.193379
1894,1,1894,553801,5538.01,4TH SUP. DISTRICT,4TH DISTRICT: JANICE HAHN,4,PARAMOUNT,,INCORPORATED CITY,10,Gateway Planning Area,1883982.773,5824.651274
1895,2,1895,553802,5538.02,4TH SUP. DISTRICT,4TH DISTRICT: JANICE HAHN,4,PARAMOUNT,,INCORPORATED CITY,9,Gateway Planning Area,2569464.43,8984.559498
1896,1,1896,553901,5539.01,4TH SUP. DISTRICT,4TH DISTRICT: JANICE HAHN,4,PARAMOUNT,,INCORPORATED CITY,10,Gateway Planning Area,1858701.703,5791.728989
1897,1,1897,553902,5539.02,4TH SUP. DISTRICT,4TH DISTRICT: JANICE HAHN,4,PARAMOUNT,,INCORPORATED CITY,10,Gateway Planning Area,1535931.918,5421.733986
1898,1,1898,554001,5540.01,4TH SUP. DISTRICT,4TH DISTRICT: JANICE HAHN,4,BELLFLOWER,,INCORPORATED CITY,10,Gateway Planning Area,1575622.629,5924.945139
1899,1,1899,554002,5540.02,4TH SUP. DISTRICT,4TH DISTRICT: JANICE HAHN,4,BELLFLOWER,,INCORPORATED CITY,10,Gateway Planning Area,1847350.918,7552.964717
1900,1,1900,554101,5541.01,4TH SUP. DISTRICT,4TH DISTRICT: JANICE HAHN,4,BELLFLOWER,,INCORPORATED CITY,10,Gateway Planning Area,689544.9883,4633.119271
1901,1,1901,554105,5541.05,4TH SUP. DISTRICT,4TH DISTRICT: JANICE HAHN,4,BELLFLOWER,,INCORPORATED CITY,10,Gateway Planning Area,490525.7344,3714.149917
1902,1,1902,554106,5541.06,4TH SUP. DISTRICT,4TH DISTRICT: JANICE HAHN,4,BELLFLOWER,,INCORPORATED CITY,10,Gateway Planning Area,1066684.91,5191.194073
1903,1,1903,554201,5542.01,4TH SUP. DISTRICT,4TH DISTRICT: JANICE HAHN,4,BELLFLOWER,,INCORPORATED CITY,10,Gateway Planning Area,1412752.754,4849.569737
1904,1,1904,554203,5542.03,4TH SUP. DISTRICT,4TH DISTRICT: JANICE HAHN,4,BELLFLOWER,,INCORPORATED CITY,10,Gateway Planning Area,995353.418,5078.145855
1905,1,1905,554204,5542.04,4TH SUP. DISTRICT,4TH DISTRICT: JANICE HAHN,4,BELLFLOWER,,INCORPORATED CITY,10,Gateway Planning Area,959187.7422,4760.729124
1906,1,1906,554301,5543.01,4TH SUP. DISTRICT,4TH DISTRICT: JANICE HAHN,4,BELLFLOWER,,INCORPORATED CITY,10,Gateway Planning Area,982750.9219,5238.856342
1907,1,1907,554302,5543.02,4TH SUP. DISTRICT,4TH DISTRICT: JANICE HAHN,4,BELLFLOWER,,INCORPORATED CITY,10,Gateway Planning Area,1045784.426,4094.036166
1908,1,1908,554403,5544.03,4TH SUP. DISTRICT,4TH DISTRICT: JANICE HAHN,4,BELLFLOWER,,INCORPORATED CITY,10,Gateway Planning Area,1222679.367,4485.120351
1909,1,1909,554404,5544.04,4TH SUP. DISTRICT,4TH DISTRICT: JANICE HAHN,4,BELLFLOWER,,INCORPORATED CITY,10,Gateway Planning Area,1224267.445,4464.54483
1910,1,1910,554405,5544.05,4TH SUP. DISTRICT,4TH DISTRICT: JANICE HAHN,4,BELLFLOWER,,INCORPORATED CITY,10,Gateway Planning Area,1113340.953,4317.333624
1911,1,1911,554406,5544.06,4TH SUP. DISTRICT,4TH DISTRICT: JANICE HAHN,4,BELLFLOWER,,INCORPORATED CITY,10,Gateway Planning Area,1604578.598,5864.281593
1912,1,1912,554511,5545.11,4TH SUP. DISTRICT,4TH DISTRICT: JANICE HAHN,4,CERRITOS,,INCORPORATED CITY,10,Gateway Planning Area,3445357.586,7323.688604
1913,1,1913,554512,5545.12,4TH SUP. DISTRICT,4TH DISTRICT: JANICE HAHN,4,CERRITOS,,INCORPORATED CITY,10,Gateway Planning Area,5575263.688,9744.926281
1914,1,1914,554513,5545.13,4TH SUP. DISTRICT,4TH DISTRICT: JANICE HAHN,4,CERRITOS,,INCORPORATED CITY,10,Gateway Planning Area,824739.5938,3859.628625
1915,1,1915,554514,5545.14,4TH SUP. DISTRICT,4TH DISTRICT: JANICE HAHN,4,CERRITOS,,INCORPORATED CITY,10,Gateway Planning Area,2191068.758,7993.363399
1916,1,1916,554515,5545.15,4TH SUP. DISTRICT,4TH DISTRICT: JANICE HAHN,4,CERRITOS,,INCORPORATED CITY,10,Gateway Planning Area,1757481.879,6014.000202
1917,1,1917,554516,5545.16,4TH SUP. DISTRICT,4TH DISTRICT: JANICE HAHN,4,CERRITOS,,INCORPORATED CITY,10,Gateway Planning Area,2113460.402,7916.787212
1918,1,1918,554517,5545.17,4TH SUP. DISTRICT,4TH DISTRICT: JANICE HAHN,4,CERRITOS,,INCORPORATED CITY,10,Gateway Planning Area,1921971.387,5846.592494
1919,1,1919,554518,5545.18,4TH SUP. DISTRICT,4TH DISTRICT: JANICE HAHN,4,CERRITOS,,INCORPORATED CITY,10,Gateway Planning Area,2628106.313,7824.33067
1920,1,1920,554519,5545.19,4TH SUP. DISTRICT,4TH DISTRICT: JANICE HAHN,4,CERRITOS,,INCORPORATED CITY,10,Gateway Planning Area,2520175.516,7195.107827
1921,1,1921,554521,5545.21,4TH SUP. DISTRICT,4TH DISTRICT: JANICE HAHN,4,CERRITOS,,INCORPORATED CITY,10,Gateway Planning Area,7194736.922,14229.4991
1922,1,1922,554522,5545.22,4TH SUP. DISTRICT,4TH DISTRICT: JANICE HAHN,4,CERRITOS,,INCORPORATED CITY,10,Gateway Planning Area,3188088.965,7642.522535
1923,1,1923,554600,5546,4TH SUP. DISTRICT,4TH DISTRICT: JANICE HAHN,4,NORWALK,,INCORPORATED CITY,10,Gateway Planning Area,1534122.723,5355.79959
1924,1,1924,554700,5547,4TH SUP. DISTRICT,4TH DISTRICT: JANICE HAHN,4,NORWALK,,INCORPORATED CITY,10,Gateway Planning Area,1165869.563,5071.480819
1925,1,1925,554801,5548.01,4TH SUP. DISTRICT,4TH DISTRICT: JANICE HAHN,4,ARTESIA,,INCORPORATED CITY,10,Gateway Planning Area,1314605.336,5562.681066
1926,1,1926,554802,5548.02,4TH SUP. DISTRICT,4TH DISTRICT: JANICE HAHN,4,ARTESIA,,INCORPORATED CITY,10,Gateway Planning Area,2232894.223,7040.484972
1927,1,1927,554900,5549,4TH SUP. DISTRICT,4TH DISTRICT: JANICE HAHN,4,ARTESIA,,INCORPORATED CITY,10,Gateway Planning Area,2555561.207,9471.442353
1928,1,1928,555001,5550.01,4TH SUP. DISTRICT,4TH DISTRICT: JANICE HAHN,4,LAKEWOOD,,INCORPORATED CITY,10,Gateway Planning Area,1872425.242,6404.901773
1929,1,1929,555002,5550.02,4TH SUP. DISTRICT,4TH DISTRICT: JANICE HAHN,4,LAKEWOOD,,INCORPORATED CITY,10,Gateway Planning Area,1322854.871,4700.207611
1930,1,1930,555105,5551.05,4TH SUP. DISTRICT,4TH DISTRICT: JANICE HAHN,4,LAKEWOOD,,INCORPORATED CITY,10,Gateway Planning Area,1599386.621,6787.725663
1931,1,1931,555106,5551.06,4TH SUP. DISTRICT,4TH DISTRICT: JANICE HAHN,4,HAWAIIAN GARDENS,,INCORPORATED CITY,10,Gateway Planning Area,1281355.535,5360.72439
1932,1,1932,555107,5551.07,4TH SUP. DISTRICT,4TH DISTRICT: JANICE HAHN,4,LAKEWOOD,,INCORPORATED CITY,10,Gateway Planning Area,1842252.563,6737.584457
1933,1,1933,555202,5552.02,4TH SUP. DISTRICT,4TH DISTRICT: JANICE HAHN,4,LONG BEACH,,INCORPORATED CITY,10,Gateway Planning Area,1603915.277,6502.480951
1934,1,1934,555211,5552.11,4TH SUP. DISTRICT,4TH DISTRICT: JANICE HAHN,4,HAWAIIAN GARDENS,,INCORPORATED CITY,10,Gateway Planning Area,1141836.289,4342.281559
1935,1,1935,555212,5552.12,4TH SUP. DISTRICT,4TH DISTRICT: JANICE HAHN,4,HAWAIIAN GARDENS,,INCORPORATED CITY,10,Gateway Planning Area,1176536.688,5181.190654
1936,1,1936,555300,5553,4TH SUP. DISTRICT,4TH DISTRICT: JANICE HAHN,4,NORWALK,,INCORPORATED CITY,10,Gateway Planning Area,2491621.473,7584.367954
1937,1,1937,570001,5700.01,4TH SUP. DISTRICT,4TH DISTRICT: JANICE HAHN,4,LAKEWOOD,,INCORPORATED CITY,10,Gateway Planning Area,2228169.668,6406.092875
1938,1,1938,570002,5700.02,4TH SUP. DISTRICT,4TH DISTRICT: JANICE HAHN,4,LAKEWOOD,,INCORPORATED CITY,10,Gateway Planning Area,1131582.504,4275.075672
1939,1,1939,570003,5700.03,4TH SUP. DISTRICT,4TH DISTRICT: JANICE HAHN,4,LAKEWOOD,,INCORPORATED CITY,10,Gateway Planning Area,1664255.184,5222.542982
1940,1,1940,570100,5701,4TH SUP. DISTRICT,4TH DISTRICT: JANICE HAHN,4,LONG BEACH,,INCORPORATED CITY,10,Gateway Planning Area,1678505.707,5385.416663
1941,2,1941,570202,5702.02,4TH SUP. DISTRICT,4TH DISTRICT: JANICE HAHN,4,LONG BEACH,,INCORPORATED CITY,9,Gateway Planning Area,2433328.699,7011.205161
1942,1,1942,570203,5702.03,4TH SUP. DISTRICT,4TH DISTRICT: JANICE HAHN,4,LONG BEACH,,INCORPORATED CITY,10,Gateway Planning Area,1893287.203,5839.606683
1943,1,1943,570204,5702.04,4TH SUP. DISTRICT,4TH DISTRICT: JANICE HAHN,4,LONG BEACH,,INCORPORATED CITY,10,Gateway Planning Area,797085.6289,3622.69563
1944,1,1944,570303,5703.03,4TH SUP. DISTRICT,4TH DISTRICT: JANICE HAHN,4,LONG BEACH,,INCORPORATED CITY,10,Gateway Planning Area,895612.4336,4247.342591
1945,1,1945,570304,5703.04,4TH SUP. DISTRICT,4TH DISTRICT: JANICE HAHN,4,LONG BEACH,,INCORPORATED CITY,10,Gateway Planning Area,830877.4258,5060.73532
1946,2,1946,570305,5703.05,4TH SUP. DISTRICT,4TH DISTRICT: JANICE HAHN,4,LONG BEACH,,INCORPORATED CITY,9,Gateway Planning Area,1073129.566,6502.637435
1947,1,1947,570306,5703.06,4TH SUP. DISTRICT,4TH DISTRICT: JANICE HAHN,4,LONG BEACH,,INCORPORATED CITY,10,Gateway Planning Area,677468.8945,3253.206098
1948,2,1948,570402,5704.02,4TH SUP. DISTRICT,4TH DISTRICT: JANICE HAHN,4,LONG BEACH,,INCORPORATED CITY,9,Gateway Planning Area,2204546,7427.702096
1949,2,1949,570403,5704.03,4TH SUP. DISTRICT,4TH DISTRICT: JANICE HAHN,4,LONG BEACH,,INCORPORATED CITY,9,Gateway Planning Area,829783.8672,3883.921347
1950,2,1950,570404,5704.04,4TH SUP. DISTRICT,4TH DISTRICT: JANICE HAHN,4,LONG BEACH,,INCORPORATED CITY,9,Gateway Planning Area,1258962.945,5729.328138
1951,1,1951,570502,5705.02,4TH SUP. DISTRICT,4TH DISTRICT: JANICE HAHN,4,LONG BEACH,,INCORPORATED CITY,10,Gateway Planning Area,2905140.094,7334.304284
1952,1,1952,570503,5705.03,4TH SUP. DISTRICT,4TH DISTRICT: JANICE HAHN,4,LONG BEACH,,INCORPORATED CITY,10,Gateway Planning Area,783647.0352,3628.010453
1953,1,1953,570504,5705.04,4TH SUP. DISTRICT,4TH DISTRICT: JANICE HAHN,4,LONG BEACH,,INCORPORATED CITY,10,Gateway Planning Area,1377183.324,4754.27782
1954,1,1954,570601,5706.01,4TH SUP. DISTRICT,4TH DISTRICT: JANICE HAHN,4,LONG BEACH,,INCORPORATED CITY,10,Gateway Planning Area,1134610.23,4543.722327
1955,1,1955,570602,5706.02,4TH SUP. DISTRICT,4TH DISTRICT: JANICE HAHN,4,LONG BEACH,,INCORPORATED CITY,10,Gateway Planning Area,1515691.059,5176.118846
1956,1,1956,570603,5706.03,4TH SUP. DISTRICT,4TH DISTRICT: JANICE HAHN,4,LONG BEACH,,INCORPORATED CITY,10,Gateway Planning Area,1067989.063,4450.035992
1957,1,1957,570701,5707.01,4TH SUP. DISTRICT,4TH DISTRICT: JANICE HAHN,4,LAKEWOOD,,INCORPORATED CITY,10,Gateway Planning Area,2585927.285,7745.134636
1958,1,1958,570703,5707.03,4TH SUP. DISTRICT,4TH DISTRICT: JANICE HAHN,4,LAKEWOOD,,INCORPORATED CITY,10,Gateway Planning Area,1351448.004,4889.294297
1959,1,1959,570800,5708,4TH SUP. DISTRICT,4TH DISTRICT: JANICE HAHN,4,LAKEWOOD,,INCORPORATED CITY,10,Gateway Planning Area,3480520.41,7511.223443
1960,1,1960,570901,5709.01,4TH SUP. DISTRICT,4TH DISTRICT: JANICE HAHN,4,LAKEWOOD,,INCORPORATED CITY,10,Gateway Planning Area,2639229.02,6802.522624
1961,1,1961,570902,5709.02,4TH SUP. DISTRICT,4TH DISTRICT: JANICE HAHN,4,LAKEWOOD,,INCORPORATED CITY,10,Gateway Planning Area,1534792.66,5210.838327
1962,1,1962,571000,5710,4TH SUP. DISTRICT,4TH DISTRICT: JANICE HAHN,4,LAKEWOOD,,INCORPORATED CITY,10,Gateway Planning Area,2549138.313,6541.305338
1963,1,1963,571101,5711.01,4TH SUP. DISTRICT,4TH DISTRICT: JANICE HAHN,4,LAKEWOOD,,INCORPORATED CITY,10,Gateway Planning Area,1923817.863,5838.150539
1964,1,1964,571102,5711.02,4TH SUP. DISTRICT,4TH DISTRICT: JANICE HAHN,4,LAKEWOOD,,INCORPORATED CITY,10,Gateway Planning Area,1827360.488,5745.290419
1965,1,1965,571201,5712.01,4TH SUP. DISTRICT,4TH DISTRICT: JANICE HAHN,4,LONG BEACH,,INCORPORATED CITY,10,Gateway Planning Area,1896503.41,5836.464574
1966,1,1966,571202,5712.02,4TH SUP. DISTRICT,4TH DISTRICT: JANICE HAHN,4,LONG BEACH,,INCORPORATED CITY,10,Gateway Planning Area,1900422.039,5911.988531
1967,1,1967,571300,5713,4TH SUP. DISTRICT,4TH DISTRICT: JANICE HAHN,4,LAKEWOOD,,INCORPORATED CITY,10,Gateway Planning Area,3047064.273,7010.158823
1968,1,1968,571400,5714,4TH SUP. DISTRICT,4TH DISTRICT: JANICE HAHN,4,LAKEWOOD,,INCORPORATED CITY,10,Gateway Planning Area,2788712.109,9048.763344
1969,1,1969,571502,5715.02,4TH SUP. DISTRICT,4TH DISTRICT: JANICE HAHN,4,LONG BEACH,,INCORPORATED CITY,10,Gateway Planning Area,2001091.098,5938.906887
1970,1,1970,571504,5715.04,4TH SUP. DISTRICT,4TH DISTRICT: JANICE HAHN,4,LONG BEACH,,INCORPORATED CITY,10,Gateway Planning Area,2196735.711,6132.475463
1971,1,1971,571505,5715.05,4TH SUP. DISTRICT,4TH DISTRICT: JANICE HAHN,4,LONG BEACH,,INCORPORATED CITY,10,Gateway Planning Area,953192.3945,4058.990623
1972,1,1972,571600,5716,4TH SUP. DISTRICT,4TH DISTRICT: JANICE HAHN,4,LONG BEACH,,INCORPORATED CITY,10,Gateway Planning Area,419999.9844,3566.580728
1973,2,1973,571701,5717.01,4TH SUP. DISTRICT,4TH DISTRICT: JANICE HAHN,4,LONG BEACH,,INCORPORATED CITY,10,Gateway Planning Area,2778600.605,9067.709179
1974,1,1974,571703,5717.03,4TH SUP. DISTRICT,4TH DISTRICT: JANICE HAHN,4,LONG BEACH,,INCORPORATED CITY,10,Gateway Planning Area,577751.4883,3570.493623
1975,1,1975,571704,5717.04,4TH SUP. DISTRICT,4TH DISTRICT: JANICE HAHN,4,LONG BEACH,,INCORPORATED CITY,10,Gateway Planning Area,700015.7813,4116.591402
1976,1,1976,571800,5718,4TH SUP. DISTRICT,4TH DISTRICT: JANICE HAHN,4,LONG BEACH,,INCORPORATED CITY,10,Gateway Planning Area,4126758.355,9749.160755
1977,1,1977,571900,5719,4TH SUP. DISTRICT,4TH DISTRICT: JANICE HAHN,4,LONG BEACH,,INCORPORATED CITY,10,Gateway Planning Area,2811687.746,8725.346949
1978,1,1978,572001,5720.01,4TH SUP. DISTRICT,4TH DISTRICT: JANICE HAHN,4,LONG BEACH,,INCORPORATED CITY,10,Gateway Planning Area,2463390.918,7154.86454
1979,1,1979,572201,5722.01,4TH SUP. DISTRICT,4TH DISTRICT: JANICE HAHN,4,LONG BEACH,,INCORPORATED CITY,10,Gateway Planning Area,2265481.926,6786.397833
1980,1,1980,572202,5722.02,4TH SUP. DISTRICT,4TH DISTRICT: JANICE HAHN,4,LONG BEACH,,INCORPORATED CITY,10,Gateway Planning Area,2254569.617,6593.803434
1981,2,1981,572301,5723.01,4TH SUP. DISTRICT,4TH DISTRICT: JANICE HAHN,4,LONG BEACH,,INCORPORATED CITY,10,Gateway Planning Area,1190025.836,7109.428654
1982,1,1982,572500,5725,4TH SUP. DISTRICT,4TH DISTRICT: JANICE HAHN,4,LONG BEACH,,INCORPORATED CITY,10,Gateway Planning Area,860864.4961,3915.509649
1983,1,1983,572600,5726,4TH SUP. DISTRICT,4TH DISTRICT: JANICE HAHN,4,LONG BEACH,,INCORPORATED CITY,10,Gateway Planning Area,1848066.719,5774.028827
1984,1,1984,572700,5727,4TH SUP. DISTRICT,4TH DISTRICT: JANICE HAHN,4,LONG BEACH,,INCORPORATED CITY,10,Gateway Planning Area,1559917.234,5144.933894
1985,1,1985,573002,5730.02,4TH SUP. DISTRICT,4TH DISTRICT: JANICE HAHN,4,LONG BEACH,,INCORPORATED CITY,10,Gateway Planning Area,471068.9414,2912.430341
1986,1,1986,573003,5730.03,4TH SUP. DISTRICT,4TH DISTRICT: JANICE HAHN,4,LONG BEACH,,INCORPORATED CITY,10,Gateway Planning Area,650506.4219,3324.521203
1987,1,1987,573004,5730.04,4TH SUP. DISTRICT,4TH DISTRICT: JANICE HAHN,4,LONG BEACH,,INCORPORATED CITY,10,Gateway Planning Area,596506.4063,3174.895824
1988,1,1988,573101,5731.01,4TH SUP. DISTRICT,4TH DISTRICT: JANICE HAHN,4,LONG BEACH,,INCORPORATED CITY,10,Gateway Planning Area,764811.9766,4122.708176
1989,1,1989,573102,5731.02,4TH SUP. DISTRICT,4TH DISTRICT: JANICE HAHN,4,LONG BEACH,,INCORPORATED CITY,10,Gateway Planning Area,967284.6211,4530.0321
1990,1,1990,573201,5732.01,4TH SUP. DISTRICT,4TH DISTRICT: JANICE HAHN,4,LONG BEACH,,INCORPORATED CITY,10,Gateway Planning Area,873167.0234,3807.596094
1991,1,1991,573202,5732.02,4TH SUP. DISTRICT,4TH DISTRICT: JANICE HAHN,4,LONG BEACH,,INCORPORATED CITY,10,Gateway Planning Area,942189.7695,3882.459569
1992,1,1992,573300,5733,4TH SUP. DISTRICT,4TH DISTRICT: JANICE HAHN,4,LONG BEACH,,INCORPORATED CITY,10,Gateway Planning Area,1140413.301,4862.314633
1993,1,1993,573401,5734.01,4TH SUP. DISTRICT,4TH DISTRICT: JANICE HAHN,4,SIGNAL HILL,,INCORPORATED CITY,10,Gateway Planning Area,1510877.98,6828.030533
1994,1,1994,573402,5734.02,4TH SUP. DISTRICT,4TH DISTRICT: JANICE HAHN,4,SIGNAL HILL,,INCORPORATED CITY,10,Gateway Planning Area,4302738,12681.21222
1995,1,1995,573403,5734.03,4TH SUP. DISTRICT,4TH DISTRICT: JANICE HAHN,4,SIGNAL HILL,,INCORPORATED CITY,10,Gateway Planning Area,2416949.465,9863.037497
1996,1,1996,573601,5736.01,4TH SUP. DISTRICT,4TH DISTRICT: JANICE HAHN,4,LONG BEACH,,INCORPORATED CITY,10,Gateway Planning Area,5414070.082,11866.99303
1997,1,1997,573700,5737,4TH SUP. DISTRICT,4TH DISTRICT: JANICE HAHN,4,LONG BEACH,,INCORPORATED CITY,10,Gateway Planning Area,2642512.035,6764.817504
1998,1,1998,573800,5738,4TH SUP. DISTRICT,4TH DISTRICT: JANICE HAHN,4,LONG BEACH,,INCORPORATED CITY,10,Gateway Planning Area,2228454.465,6563.22019
1999,1,1999,573902,5739.02,4TH SUP. DISTRICT,4TH DISTRICT: JANICE HAHN,4,LONG BEACH,,INCORPORATED CITY,10,Gateway Planning Area,1033707.355,5105.398203
2000,1,2000,574000,5740,4TH SUP. DISTRICT,4TH DISTRICT: JANICE HAHN,4,LONG BEACH,,INCORPORATED CITY,10,Gateway Planning Area,2643150.797,7028.320186
2001,1,2001,574100,5741,4TH SUP. DISTRICT,4TH DISTRICT: JANICE HAHN,4,LONG BEACH,,INCORPORATED CITY,10,Gateway Planning Area,2671143.688,7459.407312
2002,1,2002,574201,5742.01,4TH SUP. DISTRICT,4TH DISTRICT: JANICE HAHN,4,LONG BEACH,,INCORPORATED CITY,10,Gateway Planning Area,1879810.891,5821.810603
2003,1,2003,574202,5742.02,4TH SUP. DISTRICT,4TH DISTRICT: JANICE HAHN,4,LONG BEACH,,INCORPORATED CITY,10,Gateway Planning Area,1944863.012,7316.374282
2004,1,2004,574300,5743,4TH SUP. DISTRICT,4TH DISTRICT: JANICE HAHN,4,LONG BEACH,,INCORPORATED CITY,10,Gateway Planning Area,3602131.441,9307.2178
2005,1,2005,574400,5744,4TH SUP. DISTRICT,4TH DISTRICT: JANICE HAHN,4,LONG BEACH,,INCORPORATED CITY,10,Gateway Planning Area,4937495.156,8981.65301
2006,1,2006,574500,5745,4TH SUP. DISTRICT,4TH DISTRICT: JANICE HAHN,4,LONG BEACH,,INCORPORATED CITY,10,Gateway Planning Area,3952785.379,9221.125402
2007,1,2007,574602,5746.02,4TH SUP. DISTRICT,4TH DISTRICT: JANICE HAHN,4,LONG BEACH,,INCORPORATED CITY,10,Gateway Planning Area,856892.1641,3715.375007
2008,1,2008,574800,5748,4TH SUP. DISTRICT,4TH DISTRICT: JANICE HAHN,4,LONG BEACH,,INCORPORATED CITY,10,Gateway Planning Area,1608171.363,5620.464314
2009,1,2009,574901,5749.01,4TH SUP. DISTRICT,4TH DISTRICT: JANICE HAHN,4,LONG BEACH,,INCORPORATED CITY,10,Gateway Planning Area,1947168.582,6231.712587
2010,1,2010,574902,5749.02,4TH SUP. DISTRICT,4TH DISTRICT: JANICE HAHN,4,LONG BEACH,,INCORPORATED CITY,10,Gateway Planning Area,1166086.445,4828.400086
2011,1,2011,575001,5750.01,4TH SUP. DISTRICT,4TH DISTRICT: JANICE HAHN,4,LONG BEACH,,INCORPORATED CITY,10,Gateway Planning Area,1415511,6692.699797
2012,1,2012,575002,5750.02,4TH SUP. DISTRICT,4TH DISTRICT: JANICE HAHN,4,LONG BEACH,,INCORPORATED CITY,10,Gateway Planning Area,1400624.578,5477.214802
2013,1,2013,575101,5751.01,4TH SUP. DISTRICT,4TH DISTRICT: JANICE HAHN,4,LONG BEACH,,INCORPORATED CITY,10,Gateway Planning Area,610303.8164,3731.295554
2014,1,2014,575102,5751.02,4TH SUP. DISTRICT,4TH DISTRICT: JANICE HAHN,4,LONG BEACH,,INCORPORATED CITY,10,Gateway Planning Area,589185.75,3395.998329
2015,1,2015,575103,5751.03,4TH SUP. DISTRICT,4TH DISTRICT: JANICE HAHN,4,LONG BEACH,,INCORPORATED CITY,10,Gateway Planning Area,696865.9219,3371.702727
2016,1,2016,575201,5752.01,4TH SUP. DISTRICT,4TH DISTRICT: JANICE HAHN,4,LONG BEACH,,INCORPORATED CITY,10,Gateway Planning Area,822369.3242,3876.43076
2017,1,2017,575202,5752.02,4TH SUP. DISTRICT,4TH DISTRICT: JANICE HAHN,4,LONG BEACH,,INCORPORATED CITY,10,Gateway Planning Area,586504.0664,3391.72176
2018,1,2018,575300,5753,4TH SUP. DISTRICT,4TH DISTRICT: JANICE HAHN,4,LONG BEACH,,INCORPORATED CITY,10,Gateway Planning Area,940610.9609,3880.653932
2019,1,2019,575401,5754.01,4TH SUP. DISTRICT,4TH DISTRICT: JANICE HAHN,4,LONG BEACH,,INCORPORATED CITY,10,Gateway Planning Area,1291649.766,4620.943051
2020,1,2020,575402,5754.02,4TH SUP. DISTRICT,4TH DISTRICT: JANICE HAHN,4,LONG BEACH,,INCORPORATED CITY,10,Gateway Planning Area,469980.0039,2914.946555
2021,1,2021,575801,5758.01,4TH SUP. DISTRICT,4TH DISTRICT: JANICE HAHN,4,LONG BEACH,,INCORPORATED CITY,10,Gateway Planning Area,633028.7852,3164.48551
2022,1,2022,575802,5758.02,4TH SUP. DISTRICT,4TH DISTRICT: JANICE HAHN,4,LONG BEACH,,INCORPORATED CITY,10,Gateway Planning Area,465737.0508,2903.498925
2023,1,2023,575803,5758.03,4TH SUP. DISTRICT,4TH DISTRICT: JANICE HAHN,4,LONG BEACH,,INCORPORATED CITY,10,Gateway Planning Area,289636.6445,2538.38452
2024,1,2024,575901,5759.01,4TH SUP. DISTRICT,4TH DISTRICT: JANICE HAHN,4,LONG BEACH,,INCORPORATED CITY,10,Gateway Planning Area,704603.0469,3560.820022
2025,1,2025,575902,5759.02,4TH SUP. DISTRICT,4TH DISTRICT: JANICE HAHN,4,LONG BEACH,,INCORPORATED CITY,10,Gateway Planning Area,508582.1094,2876.00836
2026,1,2026,576001,5760.01,4TH SUP. DISTRICT,4TH DISTRICT: JANICE HAHN,4,LONG BEACH,,INCORPORATED CITY,10,Gateway Planning Area,4564171.016,9822.501362
2027,1,2027,576200,5762,4TH SUP. DISTRICT,4TH DISTRICT: JANICE HAHN,4,LONG BEACH,,INCORPORATED CITY,10,Gateway Planning Area,1010830.508,4115.913013
2028,1,2028,576301,5763.01,4TH SUP. DISTRICT,4TH DISTRICT: JANICE HAHN,4,LONG BEACH,,INCORPORATED CITY,10,Gateway Planning Area,796017.8867,3581.892469
2029,1,2029,576302,5763.02,4TH SUP. DISTRICT,4TH DISTRICT: JANICE HAHN,4,LONG BEACH,,INCORPORATED CITY,10,Gateway Planning Area,469751.4688,2909.968375
2030,1,2030,576401,5764.01,4TH SUP. DISTRICT,4TH DISTRICT: JANICE HAHN,4,LONG BEACH,,INCORPORATED CITY,10,Gateway Planning Area,470208.3477,2913.104624
2031,1,2031,576402,5764.02,4TH SUP. DISTRICT,4TH DISTRICT: JANICE HAHN,4,LONG BEACH,,INCORPORATED CITY,10,Gateway Planning Area,470830.0195,2913.987017
2032,1,2032,576403,5764.03,4TH SUP. DISTRICT,4TH DISTRICT: JANICE HAHN,4,LONG BEACH,,INCORPORATED CITY,10,Gateway Planning Area,470964.6133,2915.679858
2033,1,2033,576501,5765.01,4TH SUP. DISTRICT,4TH DISTRICT: JANICE HAHN,4,LONG BEACH,,INCORPORATED CITY,10,Gateway Planning Area,422766.2852,2677.980589
2034,1,2034,576502,5765.02,4TH SUP. DISTRICT,4TH DISTRICT: JANICE HAHN,4,LONG BEACH,,INCORPORATED CITY,10,Gateway Planning Area,446325.1992,2949.456536
2035,1,2035,576503,5765.03,4TH SUP. DISTRICT,4TH DISTRICT: JANICE HAHN,4,LONG BEACH,,INCORPORATED CITY,10,Gateway Planning Area,452375.6484,2906.683459
2036,1,2036,576601,5766.01,4TH SUP. DISTRICT,4TH DISTRICT: JANICE HAHN,4,LONG BEACH,,INCORPORATED CITY,10,Gateway Planning Area,713131.5742,4268.017716
2037,1,2037,576602,5766.02,4TH SUP. DISTRICT,4TH DISTRICT: JANICE HAHN,4,LONG BEACH,,INCORPORATED CITY,10,Gateway Planning Area,7241740.188,16284.00892
2038,1,2038,576700,5767,4TH SUP. DISTRICT,4TH DISTRICT: JANICE HAHN,4,LONG BEACH,,INCORPORATED CITY,10,Gateway Planning Area,3637659.77,11859.09928
2039,1,2039,576801,5768.01,4TH SUP. DISTRICT,4TH DISTRICT: JANICE HAHN,4,LONG BEACH,,INCORPORATED CITY,10,Gateway Planning Area,746052.6563,3656.075884
2040,1,2040,576802,5768.02,4TH SUP. DISTRICT,4TH DISTRICT: JANICE HAHN,4,LONG BEACH,,INCORPORATED CITY,10,Gateway Planning Area,678746.0859,3402.794315
2041,1,2041,576901,5769.01,4TH SUP. DISTRICT,4TH DISTRICT: JANICE HAHN,4,LONG BEACH,,INCORPORATED CITY,10,Gateway Planning Area,645622.4805,3395.950609
2042,1,2042,576903,5769.03,4TH SUP. DISTRICT,4TH DISTRICT: JANICE HAHN,4,LONG BEACH,,INCORPORATED CITY,10,Gateway Planning Area,471220.9453,2912.233725
2043,1,2043,576904,5769.04,4TH SUP. DISTRICT,4TH DISTRICT: JANICE HAHN,4,LONG BEACH,,INCORPORATED CITY,10,Gateway Planning Area,531233.2109,3158.036339
2044,1,2044,577000,5770,4TH SUP. DISTRICT,4TH DISTRICT: JANICE HAHN,4,LONG BEACH,,INCORPORATED CITY,10,Gateway Planning Area,2682769.184,7955.393284
2045,1,2045,577100,5771,4TH SUP. DISTRICT,4TH DISTRICT: JANICE HAHN,4,LONG BEACH,,INCORPORATED CITY,10,Gateway Planning Area,1763418.895,5331.778432
2046,1,2046,577200,5772,4TH SUP. DISTRICT,4TH DISTRICT: JANICE HAHN,4,LONG BEACH,,INCORPORATED CITY,10,Gateway Planning Area,5102548.82,14467.62327
2047,1,2047,577300,5773,4TH SUP. DISTRICT,4TH DISTRICT: JANICE HAHN,4,LONG BEACH,,INCORPORATED CITY,10,Gateway Planning Area,4661735.23,10722.27343
2048,1,2048,577400,5774,4TH SUP. DISTRICT,4TH DISTRICT: JANICE HAHN,4,LONG BEACH,,INCORPORATED CITY,10,Gateway Planning Area,936185.582,4353.510441
2049,1,2049,577501,5775.01,4TH SUP. DISTRICT,4TH DISTRICT: JANICE HAHN,4,LONG BEACH,,INCORPORATED CITY,10,Gateway Planning Area,1975439.824,5678.758271
2050,1,2050,577504,5775.04,4TH SUP. DISTRICT,4TH DISTRICT: JANICE HAHN,4,LONG BEACH,,INCORPORATED CITY,10,Gateway Planning Area,5874073.664,13517.2868
2051,1,2051,577602,5776.02,4TH SUP. DISTRICT,4TH DISTRICT: JANICE HAHN,4,LONG BEACH,,INCORPORATED CITY,10,Gateway Planning Area,2015649.871,6359.10376
2052,1,2052,577604,5776.04,4TH SUP. DISTRICT,4TH DISTRICT: JANICE HAHN,4,LONG BEACH,,INCORPORATED CITY,10,Gateway Planning Area,2216250.668,10668.12403
2053,1,2053,577605,5776.05,4TH SUP. DISTRICT,4TH DISTRICT: JANICE HAHN,4,LONG BEACH,,INCORPORATED CITY,10,Gateway Planning Area,2645127.906,7310.785716
2054,1,2054,577606,5776.06,4TH SUP. DISTRICT,4TH DISTRICT: JANICE HAHN,4,LONG BEACH,,INCORPORATED CITY,10,Gateway Planning Area,1679642.84,6423.281325
2055,1,2055,577700,5777,4TH SUP. DISTRICT,4TH DISTRICT: JANICE HAHN,4,LONG BEACH,,INCORPORATED CITY,10,Gateway Planning Area,1827579.844,6960.792581
2056,1,2056,577800,5778,4TH SUP. DISTRICT,4TH DISTRICT: JANICE HAHN,4,DOWNEY,,INCORPORATED CITY,10,Gateway Planning Area,2560670.84,8313.636337
2057,1,2057,577900,5779,4TH SUP. DISTRICT,4TH DISTRICT: JANICE HAHN,4,LONG BEACH,,INCORPORATED CITY,10,Gateway Planning Area,2573095.027,7741.855344
2058,1,2058,578000,5780,4TH SUP. DISTRICT,4TH DISTRICT: JANICE HAHN,4,LONG BEACH,,INCORPORATED CITY,10,Gateway Planning Area,2680823.227,8277.01642
2059,1,2059,578100,5781,4TH SUP. DISTRICT,4TH DISTRICT: JANICE HAHN,4,LONG BEACH,,INCORPORATED CITY,10,Gateway Planning Area,2492679.242,6978.069575
2060,1,2060,599000,5990,4TH SUP. DISTRICT,4TH DISTRICT: JANICE HAHN,4,AVALON,,INCORPORATED CITY,8,Coastal Islands Planning Area,5523925.891,11221.81741
2061,1,2061,599100,5991,4TH SUP. DISTRICT,4TH DISTRICT: JANICE HAHN,4,,SANTA CATALINA ISLAND,UNINCORPORATED AREA,8,Coastal Islands Planning Area,2054633958,283589.5072
2151,1,2151,609900,6099,4TH SUP. DISTRICT,4TH DISTRICT: JANICE HAHN,4,,LA RAMBLA,UNINCORPORATED AREA,11,South Bay Planning Area,771062.5859,5180.84782
2183,2,2183,650001,6500.01,4TH SUP. DISTRICT,4TH DISTRICT: JANICE HAHN,4,TORRANCE,,INCORPORATED CITY,11,South Bay Planning Area,2342145.523,6261.020705
2184,2,2184,650003,6500.03,4TH SUP. DISTRICT,4TH DISTRICT: JANICE HAHN,4,TORRANCE,,INCORPORATED CITY,11,South Bay Planning Area,738764.0859,3534.463828
2185,2,2185,650004,6500.04,4TH SUP. DISTRICT,4TH DISTRICT: JANICE HAHN,4,TORRANCE,,INCORPORATED CITY,11,South Bay Planning Area,1113470.313,4313.133643
2186,2,2186,650101,6501.01,4TH SUP. DISTRICT,4TH DISTRICT: JANICE HAHN,4,TORRANCE,,INCORPORATED CITY,11,South Bay Planning Area,2767952.621,6803.844023
2187,1,2187,650102,6501.02,4TH SUP. DISTRICT,4TH DISTRICT: JANICE HAHN,4,TORRANCE,,INCORPORATED CITY,11,South Bay Planning Area,1239509.57,4934.399612
2188,2,2188,650200,6502,4TH SUP. DISTRICT,4TH DISTRICT: JANICE HAHN,4,TORRANCE,,INCORPORATED CITY,11,South Bay Planning Area,3524738.758,11087.71338
2189,2,2189,650300,6503,4TH SUP. DISTRICT,4TH DISTRICT: JANICE HAHN,4,TORRANCE,,INCORPORATED CITY,11,South Bay Planning Area,2728605.055,7804.043283
2190,1,2190,650401,6504.01,4TH SUP. DISTRICT,4TH DISTRICT: JANICE HAHN,4,TORRANCE,,INCORPORATED CITY,11,South Bay Planning Area,5098226.59,11834.99978
2191,2,2191,650501,6505.01,4TH SUP. DISTRICT,4TH DISTRICT: JANICE HAHN,4,TORRANCE,,INCORPORATED CITY,11,South Bay Planning Area,1443318.59,4999.224592
2192,2,2192,650502,6505.02,4TH SUP. DISTRICT,4TH DISTRICT: JANICE HAHN,4,TORRANCE,,INCORPORATED CITY,11,South Bay Planning Area,1937955.184,5723.794111
2193,2,2193,650603,6506.03,4TH SUP. DISTRICT,4TH DISTRICT: JANICE HAHN,4,TORRANCE,,INCORPORATED CITY,11,South Bay Planning Area,1854844.422,5941.577036
2194,1,2194,650604,6506.04,4TH SUP. DISTRICT,4TH DISTRICT: JANICE HAHN,4,TORRANCE,,INCORPORATED CITY,11,South Bay Planning Area,749013.332,3485.697656
2195,1,2195,650605,6506.05,4TH SUP. DISTRICT,4TH DISTRICT: JANICE HAHN,4,TORRANCE,,INCORPORATED CITY,11,South Bay Planning Area,709013.2383,3388.876201
2196,1,2196,650606,6506.06,4TH SUP. DISTRICT,4TH DISTRICT: JANICE HAHN,4,TORRANCE,,INCORPORATED CITY,11,South Bay Planning Area,1065726.555,5876.227299
2197,1,2197,650607,6506.07,4TH SUP. DISTRICT,4TH DISTRICT: JANICE HAHN,4,TORRANCE,,INCORPORATED CITY,11,South Bay Planning Area,735018.2969,4114.879662
2198,1,2198,650701,6507.01,4TH SUP. DISTRICT,4TH DISTRICT: JANICE HAHN,4,TORRANCE,,INCORPORATED CITY,11,South Bay Planning Area,2915095.434,6856.626786
2199,2,2199,650702,6507.02,4TH SUP. DISTRICT,4TH DISTRICT: JANICE HAHN,4,TORRANCE,,INCORPORATED CITY,11,South Bay Planning Area,2032642.723,6055.202321
2200,1,2200,650801,6508.01,4TH SUP. DISTRICT,4TH DISTRICT: JANICE HAHN,4,TORRANCE,,INCORPORATED CITY,11,South Bay Planning Area,1076098.453,5063.122574
2201,1,2201,650802,6508.02,4TH SUP. DISTRICT,4TH DISTRICT: JANICE HAHN,4,TORRANCE,,INCORPORATED CITY,11,South Bay Planning Area,795754.5273,4548.48232
2202,2,2202,650901,6509.01,4TH SUP. DISTRICT,4TH DISTRICT: JANICE HAHN,4,TORRANCE,,INCORPORATED CITY,11,South Bay Planning Area,5151812.473,10874.41441
2203,1,2203,650903,6509.03,4TH SUP. DISTRICT,4TH DISTRICT: JANICE HAHN,4,TORRANCE,,INCORPORATED CITY,11,South Bay Planning Area,1537877.293,6269.821366
2204,1,2204,650904,6509.04,4TH SUP. DISTRICT,4TH DISTRICT: JANICE HAHN,4,TORRANCE,,INCORPORATED CITY,11,South Bay Planning Area,1357999.094,5942.595316
2205,1,2205,651001,6510.01,4TH SUP. DISTRICT,4TH DISTRICT: JANICE HAHN,4,TORRANCE,,INCORPORATED CITY,11,South Bay Planning Area,2060096.75,7013.477943
2206,1,2206,651002,6510.02,4TH SUP. DISTRICT,4TH DISTRICT: JANICE HAHN,4,TORRANCE,,INCORPORATED CITY,11,South Bay Planning Area,1719707.813,5697.447359
2207,1,2207,651101,6511.01,4TH SUP. DISTRICT,4TH DISTRICT: JANICE HAHN,4,TORRANCE,,INCORPORATED CITY,11,South Bay Planning Area,8094081.648,13815.58603
2208,1,2208,651102,6511.02,4TH SUP. DISTRICT,4TH DISTRICT: JANICE HAHN,4,TORRANCE,,INCORPORATED CITY,11,South Bay Planning Area,1219326.246,5150.885845
2209,2,2209,651201,6512.01,4TH SUP. DISTRICT,4TH DISTRICT: JANICE HAHN,4,TORRANCE,,INCORPORATED CITY,11,South Bay Planning Area,2531599.41,6357.603733
2210,1,2210,651221,6512.21,4TH SUP. DISTRICT,4TH DISTRICT: JANICE HAHN,4,TORRANCE,,INCORPORATED CITY,11,South Bay Planning Area,1011357.305,4178.249413
2211,1,2211,651222,6512.22,4TH SUP. DISTRICT,4TH DISTRICT: JANICE HAHN,4,TORRANCE,,INCORPORATED CITY,11,South Bay Planning Area,2221154.078,6645.090382
2212,1,2212,651302,6513.02,4TH SUP. DISTRICT,4TH DISTRICT: JANICE HAHN,4,TORRANCE,,INCORPORATED CITY,11,South Bay Planning Area,3467962.344,11537.672
2213,2,2213,651304,6513.04,4TH SUP. DISTRICT,4TH DISTRICT: JANICE HAHN,4,TORRANCE,,INCORPORATED CITY,11,South Bay Planning Area,3258653.418,9750.562467
2214,1,2214,651401,6514.01,4TH SUP. DISTRICT,4TH DISTRICT: JANICE HAHN,4,TORRANCE,,INCORPORATED CITY,11,South Bay Planning Area,1459688.547,8178.202911
2215,1,2215,651402,6514.02,4TH SUP. DISTRICT,4TH DISTRICT: JANICE HAHN,4,TORRANCE,,INCORPORATED CITY,11,South Bay Planning Area,2655323.027,8707.2541
2216,1,2216,670001,6700.01,4TH SUP. DISTRICT,4TH DISTRICT: JANICE HAHN,4,LOMITA,,INCORPORATED CITY,11,South Bay Planning Area,1363635.328,6092.288072
2217,1,2217,670002,6700.02,4TH SUP. DISTRICT,4TH DISTRICT: JANICE HAHN,4,LOMITA,,INCORPORATED CITY,11,South Bay Planning Area,1258518.684,4682.960085
2218,1,2218,670003,6700.03,4TH SUP. DISTRICT,4TH DISTRICT: JANICE HAHN,4,LOMITA,,INCORPORATED CITY,11,South Bay Planning Area,2171974.254,6794.431964
2219,1,2219,670101,6701.01,4TH SUP. DISTRICT,4TH DISTRICT: JANICE HAHN,4,LOMITA,,INCORPORATED CITY,11,South Bay Planning Area,1597939.125,8328.469082
2220,1,2220,670102,6701.02,4TH SUP. DISTRICT,4TH DISTRICT: JANICE HAHN,4,LOMITA,,INCORPORATED CITY,11,South Bay Planning Area,797576.4375,4634.891453
2221,1,2221,670201,6702.01,4TH SUP. DISTRICT,4TH DISTRICT: JANICE HAHN,4,ROLLING HILLS ESTATES,,INCORPORATED CITY,11,South Bay Planning Area,7083324.535,18931.14671
2222,1,2222,670202,6702.02,4TH SUP. DISTRICT,4TH DISTRICT: JANICE HAHN,4,ROLLING HILLS ESTATES,,INCORPORATED CITY,11,South Bay Planning Area,4331291.777,9950.672717
2223,1,2223,670324,6703.24,4TH SUP. DISTRICT,4TH DISTRICT: JANICE HAHN,4,PALOS VERDES ESTATES,,INCORPORATED CITY,11,South Bay Planning Area,7742973.953,17496.14048
2224,1,2224,670326,6703.26,4TH SUP. DISTRICT,4TH DISTRICT: JANICE HAHN,4,PALOS VERDES ESTATES,,INCORPORATED CITY,11,South Bay Planning Area,6602887.352,15022.77541
2225,1,2225,670328,6703.28,4TH SUP. DISTRICT,4TH DISTRICT: JANICE HAHN,4,PALOS VERDES ESTATES,,INCORPORATED CITY,11,South Bay Planning Area,7241872.172,14315.36493
2226,1,2226,670405,6704.05,4TH SUP. DISTRICT,4TH DISTRICT: JANICE HAHN,4,RANCHO PALOS VERDES,,INCORPORATED CITY,11,South Bay Planning Area,2176164.734,8161.571014
2227,1,2227,670406,6704.06,4TH SUP. DISTRICT,4TH DISTRICT: JANICE HAHN,4,ROLLING HILLS ESTATES,,INCORPORATED CITY,11,South Bay Planning Area,1723647.203,5357.732757
2228,1,2228,670407,6704.07,4TH SUP. DISTRICT,4TH DISTRICT: JANICE HAHN,4,RANCHO PALOS VERDES,,INCORPORATED CITY,11,South Bay Planning Area,1825363.016,6411.423699
2229,1,2229,670413,6704.13,4TH SUP. DISTRICT,4TH DISTRICT: JANICE HAHN,4,RANCHO PALOS VERDES,,INCORPORATED CITY,11,South Bay Planning Area,3173720.09,7730.216498
2230,1,2230,670416,6704.16,4TH SUP. DISTRICT,4TH DISTRICT: JANICE HAHN,4,RANCHO PALOS VERDES,,INCORPORATED CITY,11,South Bay Planning Area,6802694.84,12262.21995
2231,1,2231,670417,6704.17,4TH SUP. DISTRICT,4TH DISTRICT: JANICE HAHN,4,RANCHO PALOS VERDES,,INCORPORATED CITY,11,South Bay Planning Area,2933762.109,7582.579688
2232,1,2232,670418,6704.18,4TH SUP. DISTRICT,4TH DISTRICT: JANICE HAHN,4,RANCHO PALOS VERDES,,INCORPORATED CITY,11,South Bay Planning Area,3668105.258,9222.812742
2233,1,2233,670500,6705,4TH SUP. DISTRICT,4TH DISTRICT: JANICE HAHN,4,ROLLING HILLS,,INCORPORATED CITY,11,South Bay Planning Area,11236058.06,17711.7902
2234,1,2234,670603,6706.03,4TH SUP. DISTRICT,4TH DISTRICT: JANICE HAHN,4,RANCHO PALOS VERDES,,INCORPORATED CITY,11,South Bay Planning Area,5655116.758,13536.8698
2235,1,2235,670604,6706.04,4TH SUP. DISTRICT,4TH DISTRICT: JANICE HAHN,4,RANCHO PALOS VERDES,,INCORPORATED CITY,11,South Bay Planning Area,25517762.99,39451.72097
2236,1,2236,670701,6707.01,4TH SUP. DISTRICT,4TH DISTRICT: JANICE HAHN,4,RANCHO PALOS VERDES,,INCORPORATED CITY,11,South Bay Planning Area,4182293.66,12292.8317
2237,1,2237,670702,6707.02,4TH SUP. DISTRICT,4TH DISTRICT: JANICE HAHN,4,RANCHO PALOS VERDES,,INCORPORATED CITY,11,South Bay Planning Area,9848011.133,22598.43304
2464,2,2464,980005,9800.05,4TH SUP. DISTRICT,4TH DISTRICT: JANICE HAHN,4,TORRANCE,,INCORPORATED CITY,11,South Bay Planning Area,5892224.434,11621.1059
2465,1,2465,980006,9800.06,4TH SUP. DISTRICT,4TH DISTRICT: JANICE HAHN,4,LONG BEACH,,INCORPORATED CITY,10,Gateway Planning Area,4893417.844,14062.17968
2466,1,2466,980007,9800.07,4TH SUP. DISTRICT,4TH DISTRICT: JANICE HAHN,4,LONG BEACH,,INCORPORATED CITY,10,Gateway Planning Area,3924118.203,8865.651433
2470,1,2470,980011,9800.11,4TH SUP. DISTRICT,4TH DISTRICT: JANICE HAHN,4,LONG BEACH,,INCORPORATED CITY,10,Gateway Planning Area,1996823.957,6454.553997
2471,1,2471,980012,9800.12,4TH SUP. DISTRICT,4TH DISTRICT: JANICE HAHN,4,DOWNEY,,INCORPORATED CITY,10,Gateway Planning Area,1329267.809,5806.415894
2473,2,2473,980014,9800.14,4TH SUP. DISTRICT,4TH DISTRICT: JANICE HAHN,4,LOS ANGELES,,INCORPORATED CITY,10,South Bay Planning Area,10818011.4,25008.41577
2474,1,2474,980015,9800.15,4TH SUP. DISTRICT,4TH DISTRICT: JANICE HAHN,4,LOS ANGELES,,INCORPORATED CITY,11,South Bay Planning Area,7849842.773,13149.74446
2475,3,2475,980016,9800.16,4TH SUP. DISTRICT,4TH DISTRICT: JANICE HAHN,4,VERNON,,INCORPORATED CITY,9,Gateway Planning Area,19628996.61,28803.97015
2477,1,2477,980018,9800.18,4TH SUP. DISTRICT,4TH DISTRICT: JANICE HAHN,4,LONG BEACH,,INCORPORATED CITY,10,Gateway Planning Area,10763890.19,20388.98538
2488,1,2488,980031,9800.31,4TH SUP. DISTRICT,4TH DISTRICT: JANICE HAHN,4,LOS ANGELES,,INCORPORATED CITY,10,Gateway Planning Area,37622615.66,30526.04477
2489,1,2489,980033,9800.33,4TH SUP. DISTRICT,4TH DISTRICT: JANICE HAHN,4,LONG BEACH,,INCORPORATED CITY,10,Gateway Planning Area,41528194.63,28538.57865
2490,1,2490,980034,9800.34,4TH SUP. DISTRICT,4TH DISTRICT: JANICE HAHN,4,SANTA FE SPRINGS,,INCORPORATED CITY,10,Gateway Planning Area,9401896.793,22491.72407